0,1
美国特奥会,0
杭州市生态文化协会,0
帝斯曼维生素（上海）有限公司,0
左云县林业局,0
北京市华远集团公司,0
北京富润德斯文化发展有限公司,0
北京修实公益基金会,0
北京世纪银通投资有限公司,0
中国科学院上海微系统与信息技术研究所,0
云南商学院,0
米易县麻陇乡财政所,0
广东省潮商公益基金会,0
北京春晖博爱儿童救助公益基金会,0
四川省残疾人服务中心,0
青海省卫生厅,0
仙人桥敬老协会,0
海门文明村爱心基金会,0
宁乡县朱良桥乡新颜村民委员会,0
澳科利耳医疗器械（北京）有限公司,0
中国民航出版社,0
中天集团,0
海南临高波莲中心学校,0
甘肃伊山伊水环境与社会发展中心,0
南京市志愿者协会,0
南京市乐扶青少年发展服务中心,0
北京桐润一行图文设计公司,0
平乐县林业局,0
跃进汽车集团江苏机电销售有限公司,0
北京阳光书屋乡村信息化公益发展中心,0
湖口县东升工贸有限公司,0
瑞安市红十字会,0
云南省丽江民族孤儿学校,0
北京市残疾人福利基金会,0
荥经县财政局,0
福建霞浦长春镇大京村老人幸福园,0
广东省青少年志愿者行动指导中心,0
北京弘奥派瑞文化发展有限公司,0
蒙特利尔大学法学院,0
国家发展和改革委员会国际合作中心,0
幸福树艺栈投资管理（北京）有限公司,0
北京糖果儿童关爱中心,0
甘肃省司法厅,0
江苏省儿童少年福利基金会,0
湘潭市教育发展基金会,0
中国共产主义青年团丰宁满族自治县委员会,0
中国爱乐乐团,0
上海杨浦区乐益社区发展中心,0
北京华北电力大学,0
南航“十分”关爱基金会,0
湖北省法律援助中心,0
西乡县妇女发展协会,0
陈来,0
安利公益基金会,0
陕西妇女儿童发展基金会,0
四川省武隆县妇女联合会,0
长沙慈善会,0
辽宁省妇女联合会,0
西北农林科技大学教育发展基金会,0
太原市迎泽区财政局,0
重庆人本广告文化传播有限公司,0
河北省佛教慈善基金会,0
政协云南省委员会办公厅,0
中国科学院地理科学与资源研究所,0
贵州省青少年发展基金会,0
成都锐鑫活动板房有限公司,0
中国人民大学,0
资阳市雁江区小院镇同心九义校,0
广东工业大学,0
湖北九源工程项目管理有限公司,0
中通会计师事务所有限责任公司,0
张家口崇礼区绿园绿化工程有限公司,0
中国文物保护基金会,0
李宁(中国)体育用品有限公司,0
河北省尚义县残疾人联合会,0
北京农民之子文化发展中心,0
成都大学,0
山东省海洋生物研究院,0
湖北省武汉市中级人民法院,0
广西青少年发展基金会,0
杂多县瓦里滩孤儿福利学校,0
重庆两江志愿服务发展中心,0
华北电力大学,0
四川省精神文明建设办公室,0
南京中医药大学,0
恒生银行（中国）有限公司,0
上海市残疾人福利基金会,0
青田县书法家协会,0
讷河市民政局,0
广西省法律援助中心,0
山东省老龄事业发展基金会,0
中国医药报社,0
共青团内蒙古区委,0
南京工业大学,0
重庆市教育发展基金会,0
上海捷意广告制作有限公司,0
北京安康建业科技有限责任公司,0
中天爱心慈善基金会,0
深圳龙藤公司,0
苏州和合安养院,0
天津泰宇印务有限公司,0
中央人民政府驻香港特别行政区联络办公室,0
北京市朝阳区自然之友环境研究所      筛选,0
长春心语志愿者协会,0
内蒙古自治区红十字会,0
心和公益基金会,0
四川省体育基金会,0
温州市瓯海茶山年丰文具店,0
中国共青团湖北省委员会,0
江阴市新桥镇人民政府,0
深圳市教育发展基金会,0
北京察北光爱与共享信息咨询中心(新居民儿童文化活动中心),0
山东农业大学,0
浙江大学医学院附属儿童医院,0
山东省中医药大学,0
奕聪中学（泉州洛江区会计核算中心）,0
陕西佳县县级机关会计核算中心,0
策勒县教育局,0
中航传媒,0
昆山德育基金,0
北京师范大学南湖附属学校,0
榆林学院教育发展基金会,0
成都文宣文化传播有限公司,0
大盈江公益慈善协会,0
云南省光彩事业基金会,0
华中科技大学教育发展基金会,0
上海市宝山区教育发展基金会,0
尚德教育基金会,0
重庆大学教育基金会,0
浙江英特药房天目山店,0
西南林业大学,0
玉树州囊谦县吉曲乡中心寄宿学校,0
河北省健康管理学会,0
习水县土城镇人民政府,0
广东医学院,0
深圳市青少年发展基金会,0
功利主义研究课题组,0
清华大学,0
武警广东总队医院,0
保靖县龙溪学区,0
北京环贸通远商贸有限公司,0
丰顺县教育局,0
北京今日新雅彩印制版设计有限公司,0
河仁慈善基金会,0
日中友好沙漠绿化团,0
北京引领假日国际旅行社有限公司,0
英国文化协会,0
厦门自由行航空服务有限公司,0
北京市思诚朝阳门社区基金会,0
无锡职业技术学院,0
阿里巴巴公益基金会,153
广东省慧灵智障人士扶助基金会,0
丰都县法律援助中心,0
雁江区祥符镇二湾村小,0
何月明,0
北京大燕科技有限公司,0
北京云杰祥航空服务有限公司,0
中国人民公安大学出版社,0
北京市怀柔区琉璃庙镇琉璃庙村经济合作社,0
山东省红十字会,0
北京圣元鸣投资管理有限公司,0
安岳县偏岩乡九义校,0
上海美瀚商务咨询有限公司,0
江门市康之源医疗设备科技有限公司,0
北京大学公共传播与社会发展研究中心,0
潍坊高新区东明学校,0
广东外语外贸大学,0
北京市海淀外国语实验学校,0
图们市青少年业余体育学校,0
贵州省扶贫基金会,0
上海国浦纺织制品有限公司,0
温州医科大学教育发展基金会,0
信宜市人民医院,0
贵港市荷城义工协会,0
中国艺术研究院,0
冷水江市潘桥乡建新学校,0
纳板河流域国家级自然保护区管理局,0
云南楚雄市人民医院开发区关爱医院,0
中央民族乐团,0
团中央学校部,0
广东省唯品会慈善基金会,0
四川省红十字会,0
史带财产保险股份有限公司,0
北京市海淀区山水自然保护中心,0
百色市人民医院,0
北京嘉禾力达商贸有限公司,0
云南佛学院迪庆藏传佛教分院,0
北京一彩空间展览展示有限公司,0
北京语言大学教育基金会,0
云南省绿色环境发展基金会,0
汝州市金庚康复医院,0
海口大自然艺术工程公司,0
珲春市青少年业余体育学校,0
阜平县财政集中支付中心教育分中心,0
江西省政协海外扶贫基金会,0
唐山市丰润区芳芳聋儿语言康复中心,0
北京书乡墨林出版顾问有限责任公司,0
钱江报系有限公司,0
湖南省残疾人福利基金会,0
北京稻香湖投资发展有限责任公司,0
IL京市春天礼童心园特教幼儿园,0
共青团攀枝花市米易县委员会,0
雁江区刘家中学,0
广西防城实验高中,0
湖南省宁乡一中教育基金会,0
深圳市博雅文化研究基金会,0
丹凤县妇女联合会,0
云南农业大学,0
北京市八达岭林场,0
中国人民革命军事博物馆,0
北京光华慈善基金会,0
抚州市临川区财政局,0
重庆市渝北区法律援助中心,0
福建省慈善总会,0
广东省人口基金会,0
河北南关中小学,0
王延洪,0
珠海水源实业有限公司,0
温州市永乐科技奖励医疗救助基金会,0
北京第二外国语学院,0
吉林省吉广国际广告股份有限公司,0
辽宁省辽宁大学教育基金会,0
第四军医大学第一附属医院,0
泛思瑞比健康科技（北京）有限公司,0
崇左市高级中学,0
北京市怀柔区邮政局,0
紫阳县妇女联合会,0
长沙市工之友服务中心,0
博白县龙潭镇财政所,0
江苏省慈善总会,0
南郑县妇女联合会,0
重庆市万盛经济开发区妇女联合会,0
四川省残疾人福利基金会,0
广东省绿芽乡村妇女发展基金会,0
湖北省恩施州鹤峰县教育局,0
山西海一信息技术有限公司,0
青海师范大学,0
深圳市大熊影视科技有限公司,0
青海妇女儿童发展基金会,0
贵州省残疾人福利基金会,0
上海泽畋农业科技有限公司,0
上海稻城文化传播有限公司,0
北京一尘互动科技有限公司,0
青海广驰建设工程有限公司,0
上海工商界爱国建设特种基金会,0
金秀瑶族自治县林业局,0
青田县妇女联合会,0
会唐时代会议展览（北京）有限公司,0
温州市慈善总会,0
东方华夏文化遗产保护中心,0
广东省环境保护基金会,0
广西梧州商贸学校,0
玉树州利民协会,0
首都医科大学附属北京安贞医院,0
北京荷风艺术基金会,0
北京爱它动物保护公益基金会,0
浦城县图书馆,0
习水大湾小学,0
中国马克思主义研究基金会,0
福建省残疾人福利基金会,0
德州经济技术开发区财政局,0
宁波市第六医院,0
北京天龙兰德信息咨询有限公司,0
海南改革发展研究基金会,0
洛浦县阿其克乡人民政府,0
上海民生现代美术馆,0
北京市鲸梦文化传播有限公司,0
扬州天海职校,0
上海龙跃数码科技有限公司,0
大自然保护协会,0
浙江旅游职业技术学院,0
四川省慈善总会,0
云阳县妇女联合会,0
真诚沟通（北京）文化传播有限公司,0
广州市荔湾区文昌慈善会,0
石河子大学教育基金会,0
云南哀牢山无量山国家级自然保护区景东管理局,0
北京利星行慈善基金会,0
河南建业足球俱乐部,0
江阴市慈善总会,0
石楼县财政局,0
武汉昱峡工贸有限公司,0
北京环宇通软信息技术有限公司,0
中国发展简报,0
重庆光彩事业基金会,0
中国国家交响乐团,0
长春金融高等专科学校,0
中国关心下一代工作委员会健康体育发展中心,0
四川省布拖县人民医院,0
云南高黎贡山国家级自然保护区保山管理局,0
福建省安发高益槐科技教育发展基金会,0
简阳市同合乡九义校,0
中国残疾人福利基金会,0
河南大学出版社有限责任公司,0
黄平县民政局,0
北京师范大学中国公益研究院,0
中共中央党校,0
甘肃省文县第四中学,0
宁波诺丁汉大学商学院,0
安丰残联,0
广西凌云县财政局,0
南通市老区扶贫基金会,0
安徽省残疾人福利基金会,0
衢州市孔子教育基金会,0
中国道教协会,0
对外经济贸易大学,0
深圳市残友集团,0
厦门外国语学校教育基金会,0
珠海市万香文儿童自闭症康复中心,0
云南省接收救灾捐赠办公室,0
首都师范大学教育基金会,0
常州市武进区佛教文化研究会,0
广东省茂华慈善基金会,0
华南理工大学,0
北京电视台,0
浙江老年报报业有限公司,0
中国比较经济研究中心,0
湖南省湖湘文化基金会,0
江阴市财政局,0
中法文化艺术研究中心,0
深圳沃尔玛百货零售有限公司,0
六安市新安中学,0
中国文学艺术基金会,0
广州市儿童福利院,0
南丹县教育局,0
北京美新路公益基金会,0
北京市石景山区小飞象训练发展中心,0
复旦大学附属眼耳鼻喉科医院,0
北京鑫华志强货运有限公司,0
广西红十字基金会,0
复旦大学,0
北京浩宇视界会展服务有限公司,0
韶关爱尔眼科医院有限公司,0
上海市老龄事业发展中心,0
北京京华公益事业基金会,0
索贝国际投资（北京）有限公司,0
福清市慈善总会,0
湖北省体育基金会,0
武汉大学教育发展基金会,0
哈尔滨市呼兰区亿兴广告设计工作室,0
深圳市陈一丹公益慈善基金会,0
珠海华美公益事业发展中心,0
海南省李惠智教育基金会,0
垫江县妇女联合会,0
芜湖市爱心助学基金会,0
双江自治县教育局,0
广州蓝晶展览工程有限公司,0
湖北警官学院校友会,0
深圳市残友社工服务社,0
临汾市洪昌医疗器械有限公司,0
惠东县梁化镇,0
中国康复研究中心,0
台湾蓝色东港溪保育协会,0
金华绿色之友,0
贵州毕节市金沙县城关镇财政所,0
西安高新第一小学,0
浙江省微笑明天慈善基金会,0
囊谦县东坝乡寄宿制学校,0
中国国际文化交流基金会,0
北京鸿芷空间文化咨询有限公司,0
中国关心下一代工作委员会,0
四川省扶贫开发协会,0
北京德恒天地公关策划有限公司,0
东莞理工学院校发企业家联合会,0
湖南省长郡未来基金会,0
从化市江埔街锦一村民委员会,0
河南省法律援助中心,0
广州市海珠区满天星青少年公益发展中心,0
吴阶平医学基金会,0
中国扶贫基金会,175
石台县七都镇第二敬老院,0
浙江大学,0
广东省南方阅读公益基金会,0
烟台惠汝康商贸有限公司,0
富阳市民政局,0
沙钢集团有限公司工会,0
忠县法律援助中心,0
北京市银杏公益基金会,0
宝兴县实验小学,0
长江职业学院,0
上海希望医科实业公司,0
北京市演出有限责任公司,0
河南远识装饰有限公司,0
青海省雪域仁济慈善基金会,0
中国人民政治协商会议云南省委员会办公厅,0
北京怀柔未来论坛科技发展中心,0
宁夏回族自治区教育厅,0
中国青年科技工作者协会,0
北京国际饭店,0
北京市长江科技扶贫基金会,0
项炜伊,0
青山区清晨微公益发展服务中心,0
上海同济大学教育发展基金会,0
北京时代美创会展服务有限公司,0
宁洱哈尼族彝族自治县教育局,0
上海益优青年服务中心,0
福建省老区建设促进会玉田分会,0
中国关心下一代健康体育基金会,0
北京朝阳公园开发经营公司,0
广东省一心公益基金会,0
美国妈妈联谊会,0
北京思创建设监理有限责任公司,0
中共乐山市委员会,0
春雨社,0
顾炜伊,0
山塔甸俊发希望小学,0
广东省妇女儿童发展指导中心,0
北京市海淀区融爱融乐心智障碍者家庭支持中心,0
蒲城县妇女联合会,0
北京吉利大学,0
University of Southern California,0
爱佑·一汽大众奥迪上海宝贝之家,0
陕西妇源汇性别发展中心,0
北京市戏曲艺术发展基金会,0
南京师范大学,0
武汉供销集团有限公司,0
抚顺市第二中学,0
重庆市渝中区民政局,0
桂林市妇女联合会,0
济南大学教育发展基金会,0
黑龙江省人民政府,0
武隆县白马镇人民政府,0
上海尽美长者服务中心,0
河北美术出版社有限责任公司,0
红河华林武校,0
南京林业大学,0
中国人民健康保险股份有限公司北京分公司,0
剑阁县教育基金会,0
大连工业大学,0
武汉大学人文社会科学研究院,0
鲁迅文化基金会,0
雅安市雨城区碧峰峡镇中心校,0
铜陵市志愿者协会,0
宁波诺丁汉大学AIESECUNNC,0
云南师范大学,0
来宾市慈善总会,0
崇左市妇女联合会,0
西北师范大学,0
成都市一天公益社会工作服务中心,0
青岛邮电疗养院,0
长沙银行股份有限公司,0
北京京剧院,0
廊坊汽车城,0
阿拉善SEE生态协会,0
北京京海通联国际科技会展有限公司,0
天津南开大学教育基金会,0
青田县人民政府台湾事务办公室,0
重庆市九龙坡职业教育中心,0
北京优人众合文化传媒有限公司,0
上海天协文化发展有限公司,0
四川广安中学教育发展基金会,0
乐至县龙溪乡九义校,0
康平县人民政府,0
北京市华远置业有限公司,0
北京金戈印刷有限公司,0
寻乌县林业局,0
上海浦东新区禾邻社艺术促进社,0
澳大利亚特奥会,0
世界石油大会中国国家委员会,0
广州市妇女儿童医疗中心,0
贵州省青年创业就业基金会,0
广州市越秀区慈善会,0
洁溪村村委会,0
永善县墨翰乡财政所,0
北京北辰实业股份有限公司国家会议中心大酒店,0
北京立德未来助学公益基金会,0
北京华信医院,0
中粮集团有限公司,0
来宾市红十字会,0
陕西师范大学教育基金会,0
江西广电传播有限公司,0
深圳市远见教育发展基金会,0
中国人民解放军空军政治部文工团,0
溱东镇残联,0
资阳市爱在蓝天下济慈协会,0
厦门市翔安区同心儿童院,0
城口县法律援助中心,0
中国林业产权交易所有限公司,0
海口市财政局,0
甘肃省兰州市城关区文化产业发展基金会,0
昆明学院,0
通江县财政局,0
广西梧州市工人医院,0
深圳壹基金公益基金会,0
石棉县财政局,0
上海外国语大学附属外国语学校,0
云南大益爱心基金会,0
宁夏回族自治区残疾人联合会,0
南宁市天桃实验学校,0
阜新市公安民警救助基金会,0
浙江省残疾人福利基金会,0
南京市金陵中学教育发展基金会,0
北京交通大学,0
浙江省杭州宋都公益基金会,0
都兰县民政局,0
湖北沙市中学,0
天津赫尔商贸有限公司,0
心创益传播机构,0
上海思麦公益基金会,0
上海唐君远教育基金会,0
重庆市民泰社区公益事业发展基金会,0
许昌市新型农村社区建设工作领导小组办公室,0
北京木兰花开文化发展中心,0
南京爱德仁谷颐养院,0
山东省家庭教育研究会,0
上海视觉艺术学院教育发展基金会,0
东台市创新中学,0
浙江农林大学,0
江西省赣中旅国际旅行社有限公司,0
南京际华三五〇三服装有限公司,0
中国志愿服务联合会,0
湖北大学,0
山东省体育基金会,0
公域合力管理咨询（北京）有限责任公司,0
琼中黎族苗族自治县吊罗山中心小学,0
中国残疾人特殊艺术指导中心(中国残疾人艺术团),0
厦门大学教育发展基金会,0
山东圣城建设集团有限公司,0
聚思睿管理咨询有限公司,0
广东省蓝态幸福文化公益基金会,0
北京盛世昆泰文化传媒有限公司,0
奥雅纳工程咨询（上海）有限公司,0
北京白求恩公益基金会,0
党培德艺幼儿园,0
武汉基督教青年会,0
登封市大禹故里文化研究会,0
贵州鲁班建工（集团）有限公司,0
北京海天网联公关顾问有限公司,0
杨亚基金,0
北京红丹丹教育文化交流中心,0
广西女商会,0
南县慈善会,0
北京春苗儿童救护服务交流中心,0
浙江湖畔大学创业研究中心,0
中国教育发展基金会,0
互满爱人与人国际运动联合会（瑞士）云南办公室,0
黑河市林业中心苗圃,0
通化市射击运动管理中心,0
共青团湖北省委,0
景冬彝族自治县教育局,0
昆明华庭寺,0
厦门观音寺慈善基金会,0
甘肃省和政县人民医院,0
米易县白坡彝族乡人民政府,0
贵州省儒学研究会,0
阿左旗新浩特星辰工艺,0
厦门外国语学校,0
绵阳市游仙区教育和体育局,0
贵州省同仁市漾头镇茶园山村,0
贵州文化薪火乡村发展基金会,0
广西帮帮忙教育扶贫基金会,0
西藏自治区残疾人福利基金会,0
卢氏县官坡镇乡村财务服务中心,0
蒙古癌症预防与康复协会,0
西南财经大学,0
江岸区后湖街道办,0
上海友艺广告有限公司,0
中国绿色碳汇基金会,0
何多慧,0
榆林妇联,0
雅安市残疾人联合会,0
Aha社会创新学院,0
江西省革命老区爱心基金会,0
河北石家庄二中教育发展基金会,0
中国教师发展基金会,0
武汉交通职业学院,0
宁乡县人民政府,0
浙江千训爱心慈善基金会,0
北京八达岭世界葡萄博览中心,0
兰州大学,0
会宁二中,0
新疆医科大学第一附属医院,0
陈香梅公益基金会,0
南京医科大学,0
重庆市妇女联合会,0
云南秘境印堂营销策划有限公司,0
江西省慈善总会,0
北京博宁国际文化传播有限公司,0
资阳市雁江区中和镇初级中学,0
广州博济康之选医药连锁有限公司康之选分店,0
湖南省中南林业科技大学教育基金会,0
上海松江慈善分会,0
南京晓庄学院,0
南昌县教育体育局,0
凯旋得胜（北京）科技有限公司,0
中共甘孜藏族自治州委宣传部,0
上海市闸北区热爱家园青年社区志愿者协会,0
上海建工七建集团有限公司,0
中间美术馆,0
北京中视光影灯光设计有限公司,0
宜春市袁州区教育资金征管用领导小组,0
上海市青少年发展基金会,0
浙江大学教育基金会,0
中央戏剧学院,0
北京联想控股公益基金会,0
纳雍县会计核算中心,0
滨州医学院,0
贵阳双星名人商贸有限公司,0
云南云龙天池国家级自然保护区管理局,0
国药控股国大药房广州连锁有限公司,0
紫金县绿林营林服务有限公司,0
北京厚德善行慈善基金会,0
北京四方嘉讯文化传播有限公司,0
江都市郭村镇财政所,0
浙江红叶制伞有限公司,0
北京展试互动科技公司,0
北京普瑞正实会计师事务所（普通合伙）,0
西昌市六中,0
固阳县下湿壕镇,0
北京腾翔宏博图文设计制作中心,0
中国石油学会,0
北京青木印象文化传媒工作室（有限合伙）,0
广东省第二人民医院,0
扬州大学,0
香港宣明会,0
广西大学,0
北京德强万佳装饰有限公司,0
洛南县妇女联合会,0
银杏伙伴成长计划,0
河北省易县大龙华乡中心小学,0
中国国旅（广东）国际旅行社股份有限公司,0
夏威夷儿童探索博物馆研究中心,0
北京中财文化发展有限公司,0
深圳市TCL公益基金会,0
老牛基金会,0
王振滔慈善基金会,0
郑州慈善总会,0
陕西省西安小学,0
北京万业科技发展有限公司,0
禾钰文化传播公司,0
咸阳市中心医院,0
宁夏固原市金融团工委,0
北京康盟慈善基金会,0
陕西省妇联,0
南宁市‘美丽南宁’乡村建设领导小组办公室,0
温州蓝梦广告设计有限公司,0
广州迪司曼服装有限公司,0
武汉正品文化发展有限公司,0
江苏华益社会组织评估中心,0
北京税收法制建设研究会,0
青海达日县特合土乡寄宿制藏文小学,0
巴中市残疾人联合会,0
黑龙江省哈尔滨妇女儿童基金会,0
吴忠市红寺堡区妇女联合会,0
泉州市洛江区会计核算中心,0
广西华侨学校,0
武隆县羊角镇人民政府,0
成都授渔公益发展中心,0
教育部学位与研究生教育发展中心,0
北京黄垡彩叶时代绿化有限公司,0
内蒙古自治区妇女联合会,0
安徽省青少年发展基金会,0
山西省妇女儿童发展基金会,0
安化长塘小学,0
北京嘉源顺兴商贸有限责任公司,0
北京世纪京仁商贸有限责任公司,0
中国社会工作协会企业公民工作委员会,0
上海爱拍社区公益影像发展中心,0
恒德景明（北京）信息科技有限公司,0
潍坊市民生街学校,0
上海话艺文化传播有限公司,0
班玛县马可河相寄宿制小学,0
浙江千手慈善基金会,0
正心堂国际文化发展（北京）有限公司,0
合肥市第三人民医院,0
云南省昆明市女子中学,0
广州市创绿文化活动策划有限公司,0
北京京顺医院,0
上海马哥孛罗面包有限公司,0
广东省华商慈善基金会,0
广州市北达博雅社会工作资源中心,0
中央党校报刊社,0
云南财经大学,0
北京前沿文化中心,0
佳信德润（北京）科技有限公司,0
北京求索传媒文化有限公司,0
北京玉都雅风工艺美术品市场有限公司,0
重庆市万州区法律援助中心,0
中国医学科学院血液病医院（血液学研究所）,0
上海盛文文化传播中心,0
东北师范大学教育基金会,0
新安二小,0
《生命时报》社,0
乐清市慈善总会,0
北京优购文化发展有限公司,0
西昌市川兴中学,0
南京信息大学教育发展基金会,0
吴忠中学,0
北京艳阳天儿文化传媒有限公司,0
贵州大学教育发展基金会,0
上海新途社区健康促进社,0
信阳市平桥区厚诚装饰工程有限公司,0
上海市慈善基金会,0
白求恩医科大学北京校友会,0
北京雨山和声文化传播有限公司,0
福建省消防事业发展基金会,0
欧美同学会,0
吉安县财政局,0
云南大益茶道院有限公司,0
山西省河曲县巡镇中学校,0
绿源恒通（北京）工程技术有限公司,0
绵阳市关心下一代基金会,0
德国柏林交响乐团,0
北京青橙美业文化传播有限公司,0
北京慈益文化传播中心,0
成都市儿童福利院,0
亲近母语研究院,0
浙江宁波778创业中心,0
山东省畜牧兽医职业学院,0
北京妇女儿童发展基金会,0
广州市教育基金会,0
伊通满族自治县二道镇中心小学,0
大桥镇二中,0
北京开和迪咨询有限公司,0
广西壮族自治区扶贫基金会,0
中国青年报社,0
云南基督教神学院,0
北京北润星投资咨询有限责任公司,0
涠洲岛中小学,0
常州宝林慈善基金会,0
长沙市德兰光明慈善基金会,0
汉阴县妇女联合会,0
杭州典敬广告有限公司,0
温州医科大学,0
韶山市韶山乡人民政府,0
中国致公党四川省委员会,0
广西壹方慈善基金会,0
彝良县妇女联合会,0
山东圣诚建设集团有限公司,0
南京铁道职业技术学院,0
北京朝夕天地文化发展中心,0
江西省上饶市社会扶贫公益服务中心,0
大理南涧县妇女联合会,0
湖北省青少年发展基金会,0
中华文学基金会,0
湖南怀化中方县第一中学,0
中央财经大学,0
中国人口福利基金会,0
龙门县永汉镇人民政府民政办公室,0
中国交响乐团,0
成都华希广告传播有限公司,0
罗亚文化传播（上海）有限公司,0
北京老牛兄妹公益基金会,0
江苏经贸学院,0
青田县人民教育基金会,0
北京宏志中学,0
杭州中天模型有限公司,0
广东省卓越慈善基金会,0
宁夏大学,0
兰考县玉兰绿化苗木有限公司,0
宁夏回族自治区残疾人福利基金会,0
贵州省春晖行动发展基金会,0
台湾文创媒体艺术推广协会,0
吉林大学教育基金会,0
绵竹市佛教协会,0
嘉定区真新街道睦邻党建服务中心,0
CNEX FOUDATION LIMITED,0
上海市浦东新区实践管理研究会,0
湖南省基督教信德基金会,0
国博（北京）饮食文化中心,0
乐至县中天九义校,0
惠州市协和医疗救助基金会,0
无锡灵山慈善基金会,0
长沙市曙光环保公益发展中心,0
绍兴市柯桥区中厦慈善基金会,0
防城港市防城区江山镇财政所,0
中国民族卫生协会,0
海南绿岛林业规划设计咨询有限公司,0
荔波县播尧乡拉平小学,0
兴宁市绿胜园林绿化有限公司,0
大埔县西河镇下北塘村公益理事会,0
上海众协药店有限公司中山西路店,0
恩德里小学,0
四川建设发展股份有限公司,0
中国艺术节基金会,0
内蒙古自治区残疾人福利基金会,0
中加心脏健康检查机构,0
安徽韩再芬黄梅艺术基金会,0
重庆大学教育发展基金会,0
辽宁现代教育设备招标中心,0
福建省永泰建筑工程公司装饰装修公司,0
上海铁路印刷有限公司,0
北京百度公益基金会,0
惠州卫生职业技术学院,0
中国地质大学（武汉）教育发展基金会,0
中国陶行知研究会,0
攀枝花市东区关心下一代工作委员会,0
商城县幼儿园,0
中欧国际工商学院,0
上海科普教育发展基金会,0
威宁县草海镇银龙村幸福小镇,0
上海交通大学医学院附属上海儿童医学中心,0
北京华龙鼎嘉会计师事务所有限公司,0
北京方圆伟业文化传媒有限公司,0
玉树藏族自治州教育局,0
安徽楼冲小学,0
四川省甘牧州石渠县刚金职业学院,0
重庆市黔江区财政局,0
江苏科技大学,0
天津市武清区天真文化培训学校,0
浙江朱炳仁铜雕艺术文化有限公司,0
夏河县工商行政管理局,0
四川省凉山州教育局,0
广东省豪爵慈善基金会,0
深圳市高健实业股份有限公司,0
成都市老龄事业发展基金会,0
西藏自治区红十字会,0
浙江飞友康体设备有限公司,0
北京华文学院,0
会宁县教育局,0
宝钢基金会,0
李摄森,0
北京林业大学教育基金会,0
腾讯公益慈善基金会,0
广东省广雅教育发展基金会,0
中国福山合卢寺,0
河南阳光五人制足球俱乐部,0
北京燕大元照教育科技公司,0
北京诚信绿源苗圃,0
淮安双丰教学用品有限公司,0
广东省希贤教育基金会,0
吉林省体育局,0
甘肃欣山农林科技有限公司,0
石家庄岐黄中西医结合医院,0
乐至县童家镇中学小学,0
丹阳李氏教育奖励基金会,0
北京天道和圣文化发展有限公司,0
武汉市江岸区民政局,0
内蒙古乌拉特后旗盛安爱心济困基金会,0
河南省福兴儿童公益基金会,0
明德公益研究中心,0
全省PAC项目医院,0
钓鱼台国宾馆,0
白马雪山自然保护区管理局,0
常州市教育发展基金会,0
南京德颂文化传播有限公司,0
国际特奥会东亚区,0
甘肃省张掖肃南县白银蒙古族乡人民政府,0
宁夏煤炭职工扶贫济困基金会,0
北京市戈友公益援助基金会,0
厦门小小鸥自然生态科普推广中心,0
universityofBritishColumbia,0
上海科友国际旅行社有限公司,0
苏州工业园区绿色江南公众环境关注中心,0
赣州天籁言语听觉矫治康复训练中心,0
河北沧州青县塔庄小学,0
北京京安公益基金会,0
泰兴市卫生局,0
北京桔灯导航科技发展有限公司,0
河北衡水中学,0
山西省慈善总会,0
上海爱德公益研究中心,0
中国农业大学教育基金会,0
张宗植,0
北京盛基艺术学校,0
北京正君文化传媒,0
北京财新在线文化有限公司,0
昭通市彝良县海子乡大坪村詹明侨心小学,0
北京市海淀区海淀聋儿康复园,0
中环联合（北京）认证中心有限公司,0
衡东县大浦湘桓油茶种植专业合作社,0
天津市和平区学雷锋志愿服务促进会,0
腾讯新乡村行动迪庆州项目协调领导小组,0
漳州开发区,0
无锡商业职业技术学院,0
黑龙江省青少年发展基金会,0
全椒县慈善协会,0
中国滋根乡村教育与发展促进会,0
苏州市评弹团,0
凯润创品牌策划顾问（北京）有限公司,0
北京一砖一瓦文化发展中心,0
广州劲业展览设计有限公司,0
江汉区常青街办事处,0
杭州市送温暖工程基金会,0
北京市世纪鑫通投资有限公司,0
益起来公关顾问（北京）有限公司,0
江苏农垦国际旅行社有限公司,0
屯昌县乌坡镇南东小学,0
中国华夏文化遗产基金会,0
高黎贡山国家级自然保护区保山管理局,0
云南省慈善总会,0
广西女企业家协会,0
云南高级技工学校,0
深圳市信息无障碍研究会,0
广东唤醒爱教育咨询有限公司,0
江阴老年大学,0
海南职业病防治院,0
深圳市爱佑和康儿童康复中心,0
绿色中国杂志社,0
北京国际音乐节艺术基金会,0
玉龙县野生动植物保护协会,0
上海恩德公益基金会,0
四川省妇女联合会,0
普罗米绿色能源（深圳）有限公司,0
内蒙古农业大学,0
扁担乡民族中学,0
甘肃大业生态林业有限公司,0
西藏那曲县教育体育局,0
山东省妇女联合会,0
杭州萧山古籍印务有限公司,0
青海省残疾人福利基金会,0
南通市财政局,0
东莞理工学院校发会,0
陕西西安小学,0
定南县林业局,0
中国华侨出版社,0
北京云门草堂文化发展有限公司,0
南华希望小学,0
四川卧龙国家级自然保护区管理局,0
永定县合溪乡合溪小学,0
北京市鸿儒金融教育基金会,0
南宁市教育基金会,0
广州佳典广告设计有限公司,0
上海市癌症康复俱乐部,0
北京东方星创文化传播有限公司,0
哈尔滨市慈善总会,0
沈阳市叶茂台镇中心小学,0
呼和浩特市社会扶贫工作促进会,0
江苏省残疾人联合会,0
南京市亿未来好家长服务中心,0
霞浦县盐田畲族乡中心小学,0
岚皋县妇女联合会,0
汪清县青少年业余体校,0
博罗县杨村镇财政管理所,0
平水镇敬老院,0
南京市亲近母语公益发展中心,0
中华人民共和国国家卫生和计划生育委员会,0
上海市公共关系协会,0
顺丰公益基金会,0
黑河市爱辉区上马厂乡中心学校,0
福建省正荣公益基金会,0
广东省华南理工大学教育发展基金会,0
福建省晋江市养正中学,0
水富县两碗镇财政所,0
湖南省邵东县妇女联合会,0
玉树添力培训学校,0
北京艳山红印刷技术有限公司,0
厦门云扬天际文化艺术有限公司,0
深圳市凯利胜广告有限公司,0
精功通用航空股份有限公司,0
浙江浙大安达科技有限公司余杭分公司,0
苏州市市容市政管理局,0
江苏省无锡汽车工程中等专业学校,0
北京福浩达,0
中国友好和平发展基金会,0
凤凰县千工坪学区,0
霞浦县青福民族小学,0
新疆生产建设兵团青少年发展基金会,0
中国社会工作联合会,0
上海乐三兰馨教育发展基金会,0
普定县教育和科技局,0
中青旅联科（北京）公关顾问有限公司,0
深圳市昭华文化传播有限公司,0
北京行在人间文化发展中心,0
江苏省扶贫基金会,0
中国金融教育发展基金会,0
深圳市明德实验教育基金会,0
中协物业管理有限公司,0
南京新城市慈善基金会,0
乌拉特后旗红十字会,0
北京市体育基金会,0
深圳市龙越慈善基金会,0
丹寨县石桥小学,0
北京十方缘老人心灵呵护中心,0
河北师大附属中学分校,0
镇宁县扁担乡中心校,0
上海达达文化传播有限公司,0
陆川县中学,0
上海净宁餐饮有限公司,0
鲁甸县教育局,0
湖北省爱佑和康麟洁儿童康复服务中心,0
雨露社,0
北京绿化基金会,0
河北省青少年发展基金会,0
昆明宏鑫城不锈钢厨房设备制造有限公司,0
北京市红丹丹视障文化服务中心,0
莆田贤良港天后祖祠董事会,0
中国文化产业示范基地园区协会,0
米易县关心下一代工作委员会,0
栾川县陶湾镇张盘村完小,0
盐边县关心下一代工作委员会,0
中山大学社会学与人类学学院公民与社会发展研究中心,0
郴州市裕湘面米有限公司,0
巴林右旗森源苗木有限公司,0
黑龙江省眼病防治所,0
南京理工大学,0
延边星洲青少年体育俱乐部,0
黑龙江省残疾人福利基金会,0
巫溪县,0
公共经济研究会,0
厦门大学,0
21世纪教育研究院,0
上海缘同网络科技有限公司,0
长沙展嘉文化传播有限公司,0
内蒙古自治区人民教育基金会,0
中国麻风防治协会,0
成都市教育基金会,0
河南省光彩事业基金会,0
来宾市爱心志愿者协会,0
临安聚汇林业计测与规划设计室,0
哈尔滨日报报业集团,0
广东省惠民慈善基金会,0
天津市家庭教育研究会,0
上海慈慧公益基金会,0
头灶镇残联,0
四川美术学院,0
宜昌市第一人民医院,0
厦门残疾人福利基金会,0
广州市海珠区益友社会组织信息中心,0
杭州浙大同力水电安装建设有限公司,0
苏州中佰圆商贸有限公司,0
湖南省妇女儿童发展基金会,0
舟曲县民政局,0
江苏省医药有限公司国药商场,0
曲阜师范大学,0
中国民航科普基金会,0
杭州兆丰建设有限公司,0
四川省八一康复中心,0
攀枝花市关心下一代基金会,0
安徽省光彩事业促进会,0
重庆市国土资源和房屋管理局,0
贵州安顺市人民医院,0
厦门市翔安观音寺,0
北京市丰台区源头爱好者环境研究所,0
宁夏银川大学教育发展基金会,0
大荔县妇女联合会,0
新疆阿图什昆山育才学校,0
青海省法律援助中心,0
北京睿乐信科技有限公司,0
青海省教育厅,0
衡山县新桥镇中心学校,0
天全县教育局,0
中国杂技家协会,0
上海觉群文教基金会,0
邯郸红十字会,0
乐至县太来初级中学,0
湖南舞台美术学会,0
北京市中国人民大学教育基金会,0
湖南省关心下一代工作委员会,0
云南中医学院,0
上海洋泾社区公益基金会,0
福建省龙岩扶贫基金会,0
湖南省残疾人康复研究中心,0
北京森旅航空服务中心,0
南都公益基金会,175
文汇通（北京）科技发展有限公司,0
张家港市七里庙村利民基金会,0
北京文畅智悦文化有限公司,0
杭州电视台,0
北京医保全新大药房有限责任公司安定门店,0
宁波诺丁汉大学青年志愿者协会,0
中国器官移植发展基金会,0
青岛大学教育发展基金会,0
辽宁省沈阳化工大学教育基金会,0
香江社会救助基金会,0
陕西省妇女联合会,0
湖南张家界慈利慈善会,0
安岳县教育基金会,0
北京民生财富研修学院,0
巧家县人民政府,0
临夏州人民医院,0
陵水绿恒实业有限公司,0
陕西友好国际经济文化交流中心,0
深圳市八骏环境景观有限公司,0
北京建友工程造价咨询有限公司海南分公司,0
柬埔寨红十字会,0
国药控股国大药房上海连锁有限公司水城路店,0
北京八棵树文化艺术发展有限公司,0
北京碧水源净水科技有限公司,0
上海医学创新发展基金会,0
广河县民政局,0
深圳市福田区民政局,0
安徽天徽慈善基金会,0
阳光人寿保险股份有限公司北京分公司,0
广州光彩明天儿童眼科医院有限公司,0
吉林师范大学助学基金会,0
上海市老年基金会闸北分会,0
国元证券公司,0
北京成功使者培训中心,0
百色市妇女联合会,0
安徽省中小学幼儿教师奖励基金会,0
北京市东城区西总布小学,0
安徽宿松高岭中心小学,0
北京星合中辰广告有限公司,0
北京市石景山区同心希望家园,0
中国少年儿童新闻出版总社,0
中华人民共和国外交部,0
吉林省教育科学研究院,0
哈尔滨师范大学,0
湖南沅陵县,0
北京语言大学,0
普格县教育体育局,0
海南省民政厅,0
云南省俊发教育扶贫基金会,0
广西邢坡县龙合乡初级中学,0
江门市五邑侨乡文化基金会,0
上饶市慈善总会,0
金寨县非税收入征收管理局,0
上海仁德基金会,0
云南省关心下一代基金会,0
黑龙江省华侨经济文化基金会,0
南京市残疾人福利基金会,0
中国海洋大学,0
北京市昌平区妇女联合会,0
北京宏元华盛文化发展有限公司,0
德行天下,0
北京病痛挑战公益基金会,0
武隆县桐梓镇人民政府,0
北京汇星盛世文化发展有限公司,0
苏州市姑苏区“小青团”青年志愿者服务中心,0
中山大学,0
精进基金有限公司,0
四川省都江堰中学,0
蒲城县妇女可持续发展协会,0
贵州省志愿者行动指导中心,0
上海市静安区南京西路社区,0
浙江省扶贫基金会,0
中粮我买网投资有限公司,0
国务院侨务办公室,0
北京中央音乐学院教育基金会,0
重庆市职业病防治院,0
北京博睿智诚文化传播发展有限公司,0
中辰蓝天环保科技股份有限公司,0
布头村布头小学,0
北京星辰创锐科贸有限公司,0
中山大学中山眼科中心,0
四川扬康残疾人康复技术培训指导中心,0
中国共产主义青年团攀枝花市仁和区委员会,0
福建省人口福利基金会,0
蕉岭县蓝坊镇人民政府,0
江苏省医药公司,0
湖南省青少年发展基金会,0
德阳市教育基金会,0
永顺县非税收入管理局,0
安徽机电职业技术学院,0
新疆维吾尔自治区志愿者协会,0
北京五中分校,0
海南省青少年希望基金会,0
北京工友之家文化发展中心,0
政协云南省委员会,0
浙江省瑞安中学,0
黄梅戏艺术传承委员会,0
无锡市儿童福利院,0
北京市丰台区园林绿化局丰台花园管理处,0
湖南省老龄事业发展基金会,0
海南省琼海市救灾办,0
中国民航管理干部学院,0
上海市静安区南京西路社区楼宇青年联谊会,0
米易县普威镇财政所,0
上海星门文化传媒有限公司,0
深圳市亚太国际公益教育基金会,0
上海交通大学教育发展基金会,0
北京天下行文化发展有限公司,0
上海能近公益基金会,0
广西安琪之家康复研究中心,0
江苏省演艺集团有限公司,0
巨人慈善基金会,0
广东省同心圆慈善基金会,0
云南永乐完小,0
中国女子足球队,0
北京和鼎文化艺术发展有限公司,0
北京策琥文化传媒有限公司,0
安化县扶贫开发局,0
防城实验高中,0
苏州市吴江区慈善基金会,0
中国残疾人体育运动管理中心,0
北京培黎教育基金会,0
庆元县会计核算教育分中心,0
呈贡区教育局,0
北京京城皮肤医院有限公司,0
沧州市红十字会,0
无锡机电高等职业技术学校,0
上海市华东师范大学教育发展基金会,0
东台市阳光助残基金会,0
北京铁路电气化学校,0
黑龙江大学出版社有限责任公司,0
北京林学会,0
互满爱人与人国际运动联合会,0
山西省阳高县林业局,0
浙江省新华爱心教育基金会,0
凤阳县档案局,0
北京市慢性病防治管理协会,0
土默特右旗美岱召镇,0
清华大学基建处苏世民书院大楼建设基金,0
武汉体育学院,0
北京世达世纪商贸有限公司,0
宁波百川爱心志愿团,0
石楼县人民政府,0
云南民族大学,0
综合开发研究院（中国深圳）,0
淀山湖小学,0
上海颖顺广告传媒有限公司,0
中南大学湘雅二医院,0
求索音像出版社,0
临沂市罗庄区慈善总会,0
辽宁省青年创业基金会,0
浙江省桐乡市香海禅寺,0
北京理工大学,0
天津康衢物业管理有限公司,0
三亚市吉阳镇干沟村委会,0
潮安县龙湖镇三英小学,0
山西省青少年发展基金会,0
汕头市潮南区成田镇家美居委家一经济联合社,0
柳邕三小,0
北川羌族自治县羌魂社会工作服务中心,0
江门市五邑慈善会,0
华夏人寿保险股份有限公司,0
永新县学生资助管理中心,0
上海汤臣慈善基金会,0
青海省青少年发展基金会,0
浙江机电职业技术学院,0
北京京文佳一大药房有限公司,0
泉州向善救助基金会,0
山西省眼科医院,0
明善道（北京）管理顾问有限公司,0
北京市壹嘉壹慈善基金会,0
汉基（杭州）教育咨询有限公司,0
宝鸡妇联,0
甘肃景泰县第一中学,0
平武县老河沟自然保护中心,0
雁江区东峰镇大腰小学,0
西藏自治区林芝地区察隅县教育局,0
杭州长和装饰工程有限公司,0
广州中医药大学,0
广州市华盛贸易有限公司,0
北京市丰台区王佐镇庄户村村民委员会,0
龙州县扶贫开发领导小组办公室,0
南通启益建设集团有限公司,0
乐至县龙门乡中心小学,0
揭西县上砂第一中学,0
河南省宋庆龄基金会,0
北京雪青松旅游信息咨询有限公司,0
上海赛毅基广告有限公司,0
广东省慈善总会,0
靖江市民政局,0
重庆市儿童福利院,0
新华通讯社非洲总分社,0
北京市公安民警抚助基金会,0
福建省厦门何厝小学,0
得利天（北京）国际文化传播有限公司,0
国家行政学院经济学教研部,0
广西吕贻标爱心基金会,0
北京瓷娃娃罕见病关爱中心,0
绍兴市上虞区人民教育基金会,0
甘肃省青少年发展基金会,0
宁波市北仑区新蕾吉利幼儿园,0
OPERALIA美国股份有限公司,0
广州市绿点公益环保促进会,0
天全县人民政府,0
广西平果县人民医院,0
上海乐视体育用品有限公司,0
南昌市青少年发展基金会,0
重庆市南岸区法律援助中心,0
宁夏青少年发展基金会,0
中国地质博物馆,0
上海泰亿格言语听觉康复中心,0
云南省昭通市鲁甸县水磨镇九年一贯制学校,0
北京尔康百旺医院有限公司,0
延边体育运动学校,0
洪泽县爱心助学基金会,0
河源市阳光绿宝实业有限公司,0
延庆县妇联,0
四川省第七建筑工程公司,0
传媒大学教育基金会,0
日照市财政局国库科,0
陆川县在田公爱心协会,0
永嘉县黄田中学,0
北京市东城区平安星减防灾教育中心,0
上海真爱梦想公益基金会,0
山东省普觉公益基金会,0
杭州市老年体协,0
中国法律援助基金会,175
宝兴县希望公益服务中心,0
河北省妇女儿童发展基金会,0
深圳市桃花源生态保护基金会,0
鲁甸县火德红乡财政所,0
安平公共传播公益基金,0
上海交通大学,0
中国初级卫生保健基金会,0
绵阳市完美春天志愿者服务中心,0
北京立德未来助学公益基金,0
内蒙古青年创业就业基金会,0
中华人民共和国卫生部,0
上海蓝色光标品牌顾问有限公司,0
江苏师范大学,0
北京中航华进展览有限公司,0
永定县合溪小学,0
深圳市精锐教育基金会,0
核工业西南建设集团有限公司芦山县第二中学及教育培训中心项目部,0
衡东县石滩乡真塘中学,0
北京伍捌捌伍户外救援技术有限公司,0
广西妇女儿童发展基金会,0
科左后旗扶贫助学基金会,0
鹤山慈善会,0
杭州爱康温馨家园,0
巴彦淖尔市人民教育基金会,0
黔西南义龙新区管委会,0
广东省绿景慈善基金会,0
宝兴县灵关中心小学,0
建阳市黄坑镇三峡民族小学,0
南京金鹰国际慈济基金会,0
哈尔滨师范大学教育发展基金会,0
环江毛南族自治县教育局,0
南京外国语学校教育基金会,0
濮阳县林业局,0
中华社会文化发展基金会,0
共青团攀枝花市东区委员会,0
北京无限视点影视文化有限公司,0
昆明市官渡区光明眼科专科门诊部,0
通化县业余体校,0
山西省残疾人福利基金会,0
深圳市桃源居社区公益事业发展中心,0
青岛宏图教育交流有限公司,0
内蒙古新华发行集团图书大厦有限责任公司,0
安溪县湖上乡盛富畲族小学,0
大连海事大学,0
广东省中医院,0
海南省慈善总会,0
深圳市艺术指南文化传播有限公司,0
浙江师范大学杭州校区,0
峨眉山市国库支付中心,0
西藏教学考试杂志社有限公司,0
草潭完小学,0
彩云社,0
江西省教育厅,0
石柱土家族自治县冷水镇小学校,0
成都云公益发展促进会,0
福建省黄仲咸教育基金会,0
北京京铃顺汽车销售有限公司,0
北京球爱的天空慈善基金会,0
广东省何享健慈善基金会,0
江苏省扬州中学教育发展基金会,0
内蒙古鄂尔多斯市卫生局,0
湘乡市卫生和计划生育局,0
北京集酷商贸有限公司,0
北京林业大学,0
靖江市卫生局,0
四川省富顺县富达建筑安装工程有限公司,0
北京市企业家环保基金会,0
沧州市第二中学,0
北京书海方舟物流有限公司,0
上海才烁人才信息咨询管理有限公司,0
北京林赛文化艺术有限公司,0
揭阳市榕城区教育局,0
联合国开发计划署驻华代表处,0
江苏言恭达文化基金会,0
东莞市东莞理工学院教育发展基金会,0
贵州和立社会发展研究所,0
南通大学,0
中国摄影出版社,0
淳化县妇女发展协会,0
四川省教育基金会,0
深圳市儿童医院,0
四川文化传媒职业学院,0
上海众协药店有限公司,0
北京市各区县妇女联合,0
江苏省残疾人福利基金会,0
南京市中小学幼儿教师奖励基金会,0
四川人民出版社,0
上海大学教育发展基金会,0
北京画廊协会,0
联合国环境规划署,0
北京东方天地文化传媒有限公司,0
陕西师范大学,0
中国共产党乐山市委员会宣传部,0
武汉市洪山区禧乐儿童康复中心,0
青海省教育发展基金会,0
苏州大学,0
乌拉特中旗科学技术协会,0
安徽天意园林景观工程有限公司,0
《社会与公益》杂志社有限公司深圳分公司,0
缙云县人民教育基金会,0
成美公益研究服务中心,0
青春百年（北京）文化传媒有限责任公司,0
三亚学院,0
海仓慈善基金会,0
中国科学院,0
国博书画创研中心,0
长江路小学筹备组,0
云南省残疾人福利基金会,0
国际残奥运动基金会,0
北京爱稀客肺动脉高压罕见病关爱中心,0
杭州市余杭区老年基金会,0
北京中医药大学,0
云南省妇女联合会,0
西昌市礼州中学,0
温州市瓯海茶山创元广告制作店,0
陕西省西安市老龄事业发展基金会,0
深圳市励德汇展览服务有限公司,0
嵩明县红十字会,0
古田县第一中学,0
山东省儿童少年福利基金会,0
淮阴师范学院,0
天添爱（青岛）生物科技有限公司,0
上海浦东手牵手生命关爱发展中心,0
宁波市北仑区慈善总会,0
安徽金牛公益基金会,0
北京乐平公益基金会,0
杭州市余杭区老龄艺术协会,0
浙江大学宁波理工学院,0
深圳广播电影电视集团,0
北京天道和元科技有限公司,0
江苏师范大学教育发展基金会,0
广东省扶贫基金会,0
梅州市希望教育基金会,0
山东省章丘市教育体育局,0
思源基金会,0
重庆浙商爱心基金会,0
上海明天广场有限公司金威万豪酒店,0
教育部外资贷款事务中心,0
永定县抚溪文化中心,0
兰州大学出版社有限责任公司,0
新疆生产建设兵团残疾人福利基金会,0
哈尔滨市残疾人福利基金会,0
黑龙江省小儿脑性瘫痪防治疗育中心,0
北京市石景山区乐龄老年社会工作服务中心,0
中远海运慈善基金会,0
深圳立益运动用品有限公司,0
南京绿叶制药有限公司,0
兴安盟人民教育基金会,0
广东省利海绿色基金会,0
香港救助儿童会,0
北京名成吉业航空服务有限公司,0
福建省永定县古竹中学,0
凤庆县林业局,0
泽州县人民医院,0
共青团巧家县委,0
广州龙子心文化传播有限公司,0
北京清尚建筑装饰工程公司,0
重庆建筑工程职业学院,0
松溪县会计集中核算中心,0
爱德基金会,0
一展天下（北京）国际会展有限公司,0
思利及人公益基金会,0
江苏中大公益基金会,0
石家庄市志愿服务基金会,0
开县妇女联合会,0
广州市法泽城市与公益研究中心,0
三亚光明连接脑残疾儿童中心,0
广州市海珠区慈善会,0
绵竹市遵道学校,0
中共贵州省委党校,0
宜州市教育局,0
中国民航报社,0
北京堪帕斯旅游文化传播有限公司,0
长春市游泳协会,0
南阳市南方木业有限公司,0
杭州日报传媒有限公司,0
河南足球事业发展基金会,0
西藏自治区慈善总会,0
上海道融自然保护与可持续发展中心,0
南京信息工程大学,0
北京荣景苑图书有限公司,0
湖南省南华大学教育基金会,0
深圳市深中科学思维研究院,0
郧西县财政局,0
贵阳南明金日商贸行,0
陕西浩瀚新宇科技发展有限公司,0
南京卫生学校,0
北京永真公益基金会,0
贵州财经大学,0
凉山州关心下一代基金会,0
江苏永丰林农业生态园有限责任公司,0
浙江省老年事业发展基金会,0
平原师范学校附属小学,0
山东金佰特商用厨具有限公司,0
林则徐基金会,0
北京美景假期国际旅行社有限公司,0
安莱立思仪器科技（上海）有限公司,0
山东省归国华侨联合会,0
上海远大心胸医院,0
上海复肿,0
厦门中山医院基金会,0
中华医学会计划生育学分会,0
中国社会福利基金会,0
阳光社团,0
重庆市渝州监狱,0
临颍县财政局,0
苏州大学教育发展基金会,0
中国留学人才发展基金会,0
武汉科技大学教育发展基金会,0
青海省海北州海晏县财政局国库集中支付中心,0
当雄县卫生局,0
郑州市嵩山文明研究基金会,0
鲁甸县民政局,0
阿拉善盟弘瑞生态有限公司,0
共青团云南省委,0
中国绿化基金会,0
唐仲英基金会,0
重庆友好飞虎队博物馆(普通合伙),0
上海联和新泰战略研究与发展基金会,0
中共德州市委员会,0
北京如琢广告公司,0
赤水市交通建筑建材工程有限责任公司,0
通道侗族自治县独坡乡九年一贯制学校,0
援助西藏发展基金会,0
和林格尔县盛乐镇卫生院,0
开化县革命老区开发建设促进会,0
四川省妇女发展基金会,0
重庆鹤逸书法文化传播有限公司,0
北京龙之脊图书有限公司,0
北京市石景山太阳花听力言语康复中心,0
中南大学湘雅医院,0
扬州市翔宇妇女儿童基金会,0
祁连县博物馆,0
临沧市长久商贸有限公司,0
十堰市残疾人联合,0
雅安市妇联,0
四川省凉山州喜德县小学,0
北京瑞谷教育科技发展有限公司,0
南菁中学,0
上海财经大学教育发展基金会,0
高州市第二人民医院,0
赤峰市残疾人联合会,0
天津体育学院,0
东莞理工学院校友会,0
新宁县麻林瑶族乡中心小学,0
西南大学,0
绿之盟文化传媒（北京）有限公司,0
上海闵行区吴泾郁今香心理健康服务中心,0
北京师范大学教育基金会,0
武汉市见义勇为基金会,0
靖宇县青少年业余体校,0
上海剪爱公益发展中心,0
香港理工大学,0
长春市残疾人福利基金会,0
北京市冠之路体育器材有限公司,0
南沈灶镇残疾人托养中心,0
杭州鑫桥会展有限公司,0
河北省红十字基金会石家庄中西医结合医院,0
福建农林大学教育发展基金会,0
上海财经大学,0
北京乾坤鱼跃广告传媒有限公司,0
日本地球绿化会,0
富县国库集中支付局,0
深圳建深商贸有限公司,0
东台市残疾人联合会,0
广州市黄埔区创思维志愿服务队,0
延安妇联,0
昆山市党员关爱暨帮扶困难群众基金会,0
北京水墨公益基金会,0
中青旅控股股份有限公司,0
甘肃省文县第一中学,0
北京市朝阳区安民学校,0
北京京东世纪信息技术有限公司,0
龙华镇西溪村民委员会,0
北京搜狐新媒体信息技术有限公司,0
河南郑州若木书院,0
河南大学,0
青年电影制片厂,0
北京创新乐知信息技术有限公司,0
北京市壁琮影视文化有限公司,0
广州市合力科普基金会,0
长沙民院殡仪学院,0
宁夏青年创业就业基金会,0
重庆市精神文明建设委员会办公室,0
新鸿基地产郭氏基金有限公司,0
芒市畜牧兽医局,0
上海海事大学教育发展基金会,0
中国计划生育协会,0
延安市残疾人福利基金会,0
深圳大学,0
巍山彝族回族自治县广播电视事业局,0
江苏省广电有线信息网络股份有限公司,0
河源市利源镇政府,0
贵州省文物保护研究中心,0
重庆市垫江监狱,0
北京春苗儿童救助基金会,0
唐洋镇残联,0
刚察县财政局,0
北京八达通航空服务有限公司,0
吉林省通榆县向海蒙古族乡向海学校,0
沧州市残疾人联合会,0
黔西老年活动中心,0
柘荣县乍洋乡中心小学,0
璧山县妇联,0
云南省临沧市教育局,0
萤火虫自然保护研究中心,0
北京市阳光保险爱心基金会,0
中安国源（北京）投资基金管理有限公司,0
山东省彩虹援助基金会,0
北京晶彩呈现文化传播有限公司,0
美好众光（北京）节能科技有限公司,0
北京时代长城广告有限公司,0
福建医科大学附属协和医院,0
河北省青年企业家协会,0
大连市渔政监督管理局,0
泽库县教育局,0
绵竹市红十字会,0
广东省鸿发慈善基金会,0
湖北省光彩事业促进会,0
简阳市玉成乡九年义务教育学校,0
北京中天信诺企业管理有限公司,0
闽都人口文化研究会,0
黑龙江省林业科学院肇东实验林场,0
深圳市文凤广告有限公司,0
钦州市钦北区平吉镇财政所,0
灵武市白芨滩防沙林场,0
地奥基金会,0
南宁市妇女联合会,0
甘肃省青年志愿者协会,0
贵州大学,0
山东省单县黄岗镇土山小学,0
中古基国源（北京）投资管理有限责任公司,0
瑞丽大益希望中学,0
深圳市佳誉祥音响电子有限公司,0
八达岭森林公园,0
遂宁市关心下一代基金会,0
华夏时代（北京）广告传媒有限公司,0
雅安职业技术学院,0
重庆坎镇清水村完全小学,0
深圳市德纳展览展示有限公司,0
四川商通实业有限公司,0
江苏大学,0
北京中央美术学院教育发展基金会,0
中国发展研究基金会,0
曲靖富源大栗大益希望小学,0
东风公益基金会,0
同心县石狮管委会砚台完全小学,0
夏河县甘加乡中心寄宿制小学,0
哈尔滨语墨弘源文化传播有限公司,0
上海复星公益基金会,0
南京工业大学教育发展基金会,0
武汉善之源公益基金会,0
《TCHKOHTAKT》,0
江苏国泰国际集团企业发展研究基金会,0
海口市蓝湾社区服务中心,0
微软（中国）有限公司,0
中国和平国际旅游有限责任公司,0
暨南大学,0
开放问题研究课题组,0
南昌慈善总会,0
德阳市关心下一代基金会,0
浙江省杭州第二中学,0
广东省教育基金会,0
北京中智明德文化传播有限公司,0
上海闵行莘庄工业区先锋环保服务中心,0
深圳国际公益学院,0
长沙市志愿服务基金会,0
兴保希望小学,0
中华中医药学会,0
黑龙江省东北林业大学教育发展基金会,0
雅安市芦山县教育局,0
重庆卓立建筑工程有限公司,0
包头市扶贫基金会,0
陕西省青少年发展基金会,0
北京文化发展基金会,0
魏文英,0
柳州市慈善会,0
北京汲华古韵文化用品有限公司,0
宜宾市矿山急救医院,0
共青团深圳市福田区委员会,0
中国计量学院,0
内蒙古自治区青少年发展基金会,0
北京市延庆县妇女联合会,0
天津市滨海新区塘沽慈善协会,0
贵州未名堂设计有限公司,0
成都高新区益多公益服务中心,0
北京蓬蒿人剧场,0
云南协力公益支持中心,0
河南大学教育发展基金会,0
清华大学五道口金融学院,0
南宁市内希望工程办公室,0
姚大力,0
济南光彩明天儿童眼科医院有限公司,0
中共重庆市委员会宣传部,0
上海外航国际旅行社有限公司,0
上海青悦信息科技有限公司,0
台州市路桥区慈善总会,0
甘肃省残疾人福利基金会,0
安徽省法律援助中心,0
海南省绿林市政景观工程有限公司,0
上海市儿童医院,0
郑州市儿童福利院,0
吉林市公安局,0
中国人寿保险股份有限公司衢州分公司,0
北京盛宝芳印刷技术有限公司,0
广西壮族自治区归国华侨联合会,0
上海联劝公益基金会,0
李伯重,0
接力出版社有限公司,0
酉阳县法律援助中心,0
江苏省关心下一代基金会,0
陕西科技大学,0
福鼎市潘溪镇赤溪小学,0
北京忆熊文化传媒有限公司,0
北京市陆学艺社会学发展基金会,0
辽宁省教育基金会,0
中国金融博物馆,0
武钢残疾人联合会福利院,0
湖南安化县,0
江苏省青少年发展基金会,0
四川大学,0
隆回县金石桥镇黄金井完全小学,0
中央电视台社会与法频道,0
珠穆朗玛峰国家级自然保护区管理局,0
朱家角中学,0
上海颜泽社会工作发展中心,0
莆田市湄洲妈祖祖庙董事会,0
深圳市宝安区海裕社区基金会,0
临江市业余体育学校,0
秦巴乡村发展研究中心,0
上海华钟希望小学,0
北京和居房地产经纪有限公司,0
湖南飞翔公益基金会,0
四川省关心下一代基金会,0
北京柏年公益基金会,0
浙江省绿色科技文化促进会,0
安化九源建筑有限公司,0
云南省法律援助基金会,0
陕西省慈善协会,0
四川省华侨公益基金会,0
贝发集团股份有限公司北京销售分公司,0
北京华文太极广告策划有限公司,0
上海华信公益基金会,0
渭南妇联,0
华夏众泽（北京）科技有限公司,0
新华出版物发行公司,0
青岛惠友大药房,0
宝彤嘉业国际文化传播（北京）有限公司,0
北京市通州区宋庄艺术促进会,0
中国共产主义青年团广州市团校,0
武川县第一小学,0
陵水新绿园花木种植农民专业合作社,0
西安妇联,0
天全县初级中学,0
雅安市教育基金会,0
上海梓晨文化公司,0
北京市朝阳区公众环境研究中心,0
北京鲲鹏国际旅行社有限公司,0
北京恩玖非营利组织发展研究中心,0
大连滨海医院,0
中国政法大学,0
北京市石景山区机关行政事务管理处,0
中国人民解放军成都军区总医院,0
北京知远博文咨询有限公司,0
岐山县妇女联合会,0
曲靖市慈善总会,0
广州市南沙区阳光快乐志愿者促进会,0
杭州市西湖区啄木鸟食品药品安全服务中心,0
大连市精神文明建设协会,0
中国青年政治学院,0
邯郸市中心医院,0
浙江省体育基金会,0
湖南省华侨公益基金会,0
四川大学华西第四医院,0
北京小百花文化艺术中心,0
北京农家女文化发展中心,0
柳州高中,0
新疆维吾尔自治区青少年发展基金会,0
重庆市永川监狱,0
清华大学出版社有限公司,0
福建省扶贫基金会,0
北京艺能爱心基金会,0
西安市儿童医院,0
广州科技职业技术学院,0
四川尚明公益发展研究中心,0
潞城市财政局,0
西藏自治区妇联,0
广西邢坡县民族初级中学,0
中粮国际（北京）有限公司广州分公司,0
民办南华工商学院,0
中共杭州市余杭区委员会老干部局,0
连城县培田客家文化交流中心,0
浙江中国计量学院教育基金会,0
南昌市慈善总会,0
华中科技大学,0
北京大学,0
浙江省国际合作旅行社有限公司,0
贵州民族大学,0
黑龙江省归国华侨联合会,0
北京民生文化艺术基金会,0
杭州青年公益社会组织服务中心,0
中国金融信息技术中心（上海）有限公司,0
北京交通大学教育基金会,0
广州启宁信息科技有限公司,0
墨玉县萨依巴格乡财政所,0
天水市教育局,0
成中英,0
湖南省怀化市新晃侗族自治县教育局,0
北京健慈管理咨询服务中心,0
浙江敦和慈善基金会,0
广西壮族自治区慈善总会,0
青岛日报,0
深圳市南山中英文学校,0
北京拓普华夏医疗器械有限公司,0
珠海市妇女儿童福利会,0
清华大学教育基金会,0
长沙仁与公益组织发展与研究中心,0
西藏自治区司法厅,0
北京师范大学,0
于田县达里雅布依乡人民政府,0
湖南省职业病防治院,0
东莞理工学院,0
济南市残疾人福利基金会,0
郑州中华之预案与嵩山文明研究会,0
宁夏回族自治区扶贫基金会,0
北京鑫志鹏科技发展有限公司,0
固始县蒋集镇中心小学,0
三河市长锦印刷厂,0
沈阳麦若可药房有限公司,0
北京教育学院,0
成都市爱有戏社区文化发展中心,0
江苏南通三建集团股份有限公司,0
上海泰福健康管理专修学院,0
北京倍能管理咨询有限公司,0
北京亦能亦行身心障碍研究所,0
广东省春桃慈善基金会,0
河南新华书店,0
四川省志愿服务基金会,0
上海市防癌抗癌事业发展基金会,0
《中国教育信息化》杂志社,0
中国聋儿康复研究中心,0
云南省残疾人联合会,0
江苏昌明教育基金会,0
广东省环球公益基金会,0
渭南市幼儿师范学校,0
湖北省正嘉原种猪场有限公司,0
云南民族文化发展基金会,0
北京民生现代美术馆,0
中国红十字基金会,0
吉林大学,0
蕲春县非税收入管理局,0
北京分形科技有限公司,0
北京新元文智咨询服务有限公司,0
银川职业技术学院,0
平阳县革命老区开发建设促进会,0
广东省华南农业大学教育发展基金会,0
上海市老年基金会杨浦分会,0
大兴安岭林业集团公司,0
深圳市南方科技大学教育基金会,0
云南大理白族自治州人民医院,0
广东省游心公益基金会,0
北京农禾之家咨询服务中心,0
吉林大学中心校区新体育馆建设,0
中共南安市委教育工作委员会,0
北京中间美术馆,0
成都军区总医院,0
山东医科大学第二附属医院,0
深圳市综研软科学发展基金会,0
吉安职业技术学院,0
中国健康促进基金会,0
浙江正泰公益基金会,0
北京金亿广苑文化发展有限公司,0
公共政策研究课题组,0
福建昌鑫建设工程有限公司,0
美华社区尊老社,0
临沂市慈善总会,0
中国科学院古脊椎动物与古人类研究所,0
安徽师范大学,0
新华网股份有限公司,0
北京宏信公益基金会,0
上海慈善总会,0
钦州市教育局,0
大田县上京初级中学,0
都江堰友爱教育基金会,0
玉龙纳西族自治县林业局,0
郑州师范学院,0
北京麦田慈善基金会,0
香格里拉迪喜慈善小学,0
兴安纪念公园,0
安徽人民出版社,0
眉山市精神文明建设办公室,0
广东广新贸易发展有限公司,0
许河镇残联,0
肖展荣,0
江苏红豆实业股份有限公司,0
巴中市通江县三溪乡小学,0
北京嫣然天使儿童医院,0
中共广河县委台湾工作办公室,0
重庆剑涛科技有限公司,0
西昌市第七中学,0
湖北省青年创业就业基金会,0
四川省青川中学校,0
杭州全德堂药店,0
中南财经政法大学武汉学院,0
济南润生新药特药大药房有限公司,0
重庆中昂地产有限公司,0
上海诺亚公益基金会,0
深圳市社会公益基金会,0
中国红十字会,0
保山市妇女联合会,0
杭州市余杭区老年集邮协会,0
湖南弘慧教育发展基金会,0
四川省青少年发展基金会,0
北京拾乐文化有限公司,0
同济大学,0
中国宋庆龄基金会,0
河南省天慈公益基金会,0
慈济慈善事业基金会,0
深圳市登山户外运动协会,0
广州市禁毒基金会,0
浙江省网易慈善基金会,0
贵州省妇女儿童发展基金会,0
重庆市青少年发展基金会,0
黑龙江伊春市职教中心,0
永济市蒲州镇果品协会,0
广西李宁基金会,0
简阳宏缘九义校,0
北京伟智信安科技有限公司,0
安徽道德建设基金会,0
重庆市林业局,0
南京华域文化咨询有限公司,0
都江堰市教育发展基金会,0
中国社区发展协会,0
黑龙江省青年创业就业基金会,0
湖南省群众文化学会声乐专业委员会,0
平武县森林保护协会,0
北京九如致远文化传媒有限公司,0
贵阳市第三实验中学,0
云南润视荣光影业制作有限公司,0
北京圆明园遗址保护基金会,0
陕西延川县慈善协会,0
辽宁省学校体育学会,0
青海省妇联,0
北京河山一局棋文化传播中心,0
中国共青团中央农村青年工作部,0
长江大学教育发展基金会,0
共青团广西壮族自治区委员会,0
贵州省慈善总会,0
北京爱力重症肌无力罕见病关爱中心,0
中华环境保护基金会,0
重庆市北碚区慈善会,0
北京外国语大学教育基金会,0
瀛公益基金会,0
河南省青少年发展基金会,0
山东省青少年发展基金会,0
上海交响乐团文化发展基金会,0
永安市民族中心小学,0
中国科学院心理研究所,0
永平县妇女联合会,0
北京修远经济与社会研究基金会,0
化隆回族自治县教育局,0
福建集美大学教育发展基金会,0
华中农业大学,0
中国海油团委,0
贵州黔西南布依族苗族自治州财政局,0
南阳市教育发展基金会,0
中国光彩事业基金会,0
湖北工业大学教育发展基金会,0
德阳市人民医院,0
中华健康快车基金会,0
北京科技大学教育发展基金会,0
安徽李恩三慈善基金会,0
涿鹿神林果业有限公司,0
浙江省红十字会,0
广州大剧院管理有限公司,0
湟中县教育局二级核算中心,0
中国古生物化石保护基金会,0
沈阳天润园林绿化有限公司,0
江苏商会,0
三明市社会志愿者协会,0
白山市少年儿童业余体育学校,0
中侨佳信文化集团有限公司,0
东莞市鼎派物联网技术有限公司,0
重庆珀纳科技有限责任公司,0
广东省高州市人民医院,0
梅县案背村,0
青田县青少年活动中心,0
贵州省教育厅,0
中华思源工程扶贫基金会,0
广东省麦田教育基金会,0
中国城郊经济研究会,0
上海电视大学开放教育学院,0
内蒙古西部数据信息产业有限责任公司,0
中华志愿者协会,0
中国民航电子客票服务中心,0
拉萨市母子保健协会,0
杭州市上城区博信公益发展服务中心,0
上海中医药大学,0
金寨县吴家店镇人民政府,0
安庆再芬黄梅艺术剧院,0
陕西吴起县长城镇财务服务中,0
北京地大天成印务有限公司,0
石狮市永宁镇财政所,0
北京圣尧欣商贸有限公司,0
昭通市希望工程基金专户,0
北京红枫文化传播有限公司,0
广州市残疾人福利基金会,0
武汉市法律援助基金会,0
中国听力医学发展基金会,0
新华人寿保险股份有限公司,0
武汉绿色江城环保服务中心,0
浙江马云公益基金会,0
贵州省同心光彩事业基金会,0
北京大学教育基金会,0
堆龙德庆县马乡人民政府,0
深圳元远建筑科技发展有限公司,0
中国青少年发展服务中心,0
广东省老区建设促进会,0
东台市实验中学,0
常熟市海虞镇财政所,0
林芝方志编辑工作室,0
吾御吾道（北京)传媒文化有限公司,0
浙江西子慈善基金会,0
重庆市环境保护局,0
永善县团结乡财政所,0
绍兴市上虞区永和镇项家桥村经济合作社,0
温州广播电视传媒集团有限公司,0
广东省妇女儿童基金会,0
山东科技职业学院,0
合阳县妇女联合会,0
中国西部人才开发基金会,0
杭州民生文化艺术中心,0
昆明医科大学,0
北京天宝良业科技有限公司,0
海戈蓝豹国际服装（北京）有限公司,0
爱佑慈善基金会,0
沈阳市残疾人福利基金会,0
青岛爱之家弱智儿童寄托站,0
内蒙古宇航人生态建设发展有限责任公司,0
青海省西宁市国开教育公益基金会,0
靖西县魁圩乡初级中学,0
中国盲文出版社,0
保山市隆阳区春蕾学校,0
重庆宣传文化发展基金会,0
中国建筑第二工程局有限公司,0
福建闽江河口湿地国家级自然保护区管理处,0
中国共产主义青年团定西市安定区委员会,0
宏元华盛文化发展有限公司,0
北京益微青年公益发展中心,0
宁夏回族自治区卫生厅,0
北京柏乔文化传媒有限公司,0
南涧县妇女联合会,0
重庆商社家维电器有限公司,0
四川天全县第一小学,0
中国癌症基金会,0
北京卓越一品广告有限公司,0
中国人民政治协商会议,0
北邮科技酒店,0
武汉市残疾人福利基金会,0
中南财经政法大学教育发展基金会,0
广元昭化区人民医院,0
深圳市残友集团控股股份有限公司,0
青岛市残疾人福利基金会,0
贵州市新东方烹饪中等职业学校,0
上海青聪泉儿童智能训练中心,0
广西南宁同心源,0
福建省女排,0
和众泽益志愿服务中心,0
广州绿网环境保护服务中心,0
海南省林业科学研究所,0
德林义肢康复器材(上海)有限公司,0
惠普公司,0
共青团定西市安定区委,0
广州市聋人学校,0
石家庄市红十字会,0
西安科技大学教育基金会,0
武汉大学姚梅镇法学基金会,0
成都国际会议展览中心,0
中国美术馆,0
重庆市武隆县扶贫基金会,0
广西残疾人福利基金会,0
芯世界社会创新中心,0
敦煌市林业局,0
中国华文教育基金会,0
绍兴市朝露环保公益服务中心,0
北京七悦社会公益服务中心,0
成都益众社区发展中心,0
四川大学华西第二医院,0
北京协和医学院教育基金会,0
郑州航空港经济综合实验区实验小学,0
禧平恩泽（北京）文化咨询有限公司,0
黑龙江省体育发展基金会,0
成都风扬实业有限公司,0
南京工业大学机械学院,0
《公益时报》社,0
沁源县林业局,0
陕西省残疾人福利基金会,0
黑龙江省妇女儿童基金会,0
神华公益基金会,0
吉林省体育事业发展基金会,0
上海璟安文化传播有限公司,0
北川羌族自治县残疾人联合会,0
大连市林业局,0
北京永青农村发展基金会,0
晋江市安海中心小学种胜教育基金会,0
福建省石竹慈善基金会,0
杭州市上城区教育发展基金会,0
简阳董家埂九义校,0
渝中区小吴服饰经营部,0
上海纳奥公共关系咨询有限公司,0
西藏大学,0
北京桂馨慈善基金会,0
贵州省贵阳市生态文明基金会,0
国家留学基金管理委员会,0
广东省山海源慈善基金会,0
海南残服爱心创业管理有限公司,0
深圳市郑卫宁慈善基金会,0
保靖县清水坪学校,0
北京诚信能环科技有限公司,0
北海民间志愿者协会,0
大厂书文印刷有限公司,0
汇中视点（北京）文化传媒有限公司,0
上海大学,0
淅川县林业局,0
合肥市庐阳区深蓝环境保护行动中心,0
勐腊小云助贫中心,0
北京市第二十五中学,0
刘天华阿炳中国民族音乐基金会,0
河南农业大学,0
重庆市法律援助基金会,0
三亚市林业科学研究院,0
辽宁省卫生工作者协会,0
卡尔蔡司（上海）管理有限公司,0
广东省人民医院,0
辽宁省妇女儿童基金会,0
沈阳泰德云数据技术有限公司,0
南方医科大学,0
北京心系新生命文化传媒有限责任公司,0
青海省慈善总会,0
北京美亚国际航空服务有限公司,0
北京零点有数数据科技股份有限公司,0
北京市光明慈善基金会,0
北京华阳信创科技有限公司,0
北京太安正安文化咨询有限公司,0
乐至县教育基金会,0
广州市慧灵托养中心,0
西安交通大学,0
周培源基金会,0
云南海外文化教育中心,0
中国少数民族文化艺术基金会,0
江阴市卫生局,0
云南省外资扶贫项目管理中心,0
天津市宏志教育基金会,0
北京栖霞雅筑广告有限公司,0
四川省国电大渡河爱心帮扶基金会,0
湖南省富基集团,0
惠州学院,0
光明日报,0
雅安市雨城区财政局,0
西双版纳傣族自治州农业局,0
建宁县林业建设投资公司,0
南通市爱心帮困基金会,0
涟源市三一学校,0
中国共产主义青年团攀枝花市西区委员会,0
第三军医大学第二附属医院,0
淮阴工学院教育发展基金会,0
北京大学出版社有限公司,0
广东省雁洋公益基金会,0
瑞迪优国际广告（北京）有限公司,0
青岛大学,0
宿州市埇桥区乡镇街道,0
北京毅速联合科技有限公司,0
安康妇联,0
江苏华夏慈善基金会,0
北京宏成万千商贸有限公司,0
浙江工商大学,0
海南香柏景观工程有限公司,0
皮山县扶贫开发办公室,0
紫云苗族布依族自治县教育和科技局,0
宁夏吴忠慈善基金会,0
中国残疾人联合会,0
桑植县洪家关乡南岔完小,0
安溪县湖上中学,0
呼和浩特市慈善总会,0
首聚华星（北京）文化发展有限公司,0
新疆新华印刷厂,0
神华集团有限责任公司,0
福州市慈善总会,0
江门市蓬江区慈善会,0
重庆友好飞虎队博物馆,0
湖南省妇女联合会,0
新疆妇女儿童发展基金会,0
陕西铜川金融工作办公室,0
汕头市潮阳区卫生和计划生育局,0
北京真容公益基金会,0
宝鸡市残疾人福利基金会,0
贵港市妇女联合会,0
苏州蓝海彤翔系统科技有限公司,0
青岛天泰文化艺术有限公司,0
信兆信息服务（北京）有限公司,0
吉林市昌邑区教育局,0
南平市教育局,0
北京市源头爱好者环境研究所,0
中国民主建国会贵州省委员会,0
前郭尔罗斯蒙古族自治县医院,0
圆恩空间,0
石柱县法律援助中心,0
霞浦县长春中心小学,0
湖北省人力资源和社会保障厅,0
北京众协阳光大药房有限公司,0
武汉博雅社会工作服务中心,0
中国马克思主义哲学史学会,0
湖南青年创业就业基金会,0
桐庐县老龄事业发展基金会,0
长安大学教育基金会,0
赵汀阳,0
北京财讯文化传媒有限公司,0
灌阳县新街镇残疾人联合会,0
河南省红十字会,0
桂林市残疾人联合会,0
四川省归国华侨联合会,0
北京俊阳广源商贸有限公司,0
云南电网公司电网规划研究中心,0
木兰县慈善会,0
澜瑞图书(上海)有限公司,0
新洲区一缕阳光爱心接力社,0
贵州省残疾人康复中心,0
广州医科大学附属第一医院,0
朱良志,0
北京市石景山区蚂蚁公益事业发展中心,0
北京天使妈妈慈善基金会,0
四川资阳五月阳光教育基金会,0
上海宋庆龄基金会,0
鹤山市沙坪街道第六小学,0
商丘市梁园区爱德孤儿院,0
广东德而赛律师事务所,0
喀什残友社会工作发展服务中心,0
北京瑞森德文化传播有限公司,0
河北省学生资助管理中心,0
北京全聚德和平门店,0
绥德县妇女联合会,0
深圳市雅昌艺术基金会,0
上海复旦大学教育发展基金会,0
咸阳妇联,0
湖南省汝城县教育基金会,0
上海市晋元高级中学,0
中国海洋工程咨询协会,0
中国慈善总会,0
北京快乐印象文化传媒有限公司,0
云南省昭通市镇雄县民政局,0
安徽省体育事业发展基金会,0
梧州学院,0
《理论视野》杂志社,0
湖南省博物馆,0
黑龙江垦区残疾人联合会,0
郑州市志愿者联合会,0
浙江诺尔康神经电子科技股份有限公司,0
上海阿波罗咨询有限公司,0
兴宁市龙田镇中心卫生院,0
中法网（北京）国际文化传媒有限公司,0
福州市人口福利基金会,0
北京体育大学,0
洋县妇女联合会,0
北京盛唐联合科技有限公司,0
湖南践行国学公益基金会,0
长沙市青少年发展基金会,0
北京市北京饭店,0
武义县教育基金会,0
雅安市关心下一代基金会,0
中间艺术基金会,0
华教伟业国际教育科技（北京）有限公司,0
中粮（成都）粮油工业有限公司,0
四川海惠助贫服务中心,0
长安国际信托股份有限公司,0
武汉学院,0
海力士公司,0
北京彩虹桥慈善基金会,0
北京启明星辰慈善公益基金会,0
重庆市巴南区雨石图文设计工作室,0
福建省少数民族发展基金会,0
厦门建发国际旅行社集团有限公司,0
龙湖中学,0
北京市倍能公益组织能力建设与评估中心,0
西安市残疾人联合会,0
北京俊宇江仁文化传播有限公司,0
铜关侗族大歌生态博物馆,0
堆龙德庆县委员会,0
武汉大学马克昌法学基金会,0
青岛市教育局,0
乐至县保安九义校,0
云南省红十字会,0
庆阳市社会福利院,0
海外校友基金,0
真彩文具股份有限公司,0
中国传媒大学南广学院,0
温州励丰文化产业有限公司,0
巧家县包谷垴乡财政所,0
中国老龄事业发展基金会,0
宁夏回族自治区妇女儿童发展基金会,0
杭州市萧山区老年基金会,0
华中科技大学附属小学,0
贵州省丹寨县雅灰小学,0
黄爱珍,0
北京成龙慈善基金会,0
香港烛光教育基金会,0
云南华商公益基金会,0
内蒙古正蓝旗林场,0
辽宁爱之光防盲基金会,0
南昌大学第二附属医院,0
五华县华林造林服务有限公司,0
北京共益巷科技有限公司,0
南京农业大学,0
临沧市临翔妇女联合会,0
云南君仁博爱基金会,0
都江堰顶新新建小学,0
临沂市妇女联合会,0
梧州市妇女联合会,0
北京市西部阳光农村发展基金会,0
青海省囊谦县文化教育局,0
广东省文化学会,0
汕尾市红树林种植公司,0
北京国东园林绿化服务中心,0
北京凯安科技开发有限公司,0
武汉市社会组织发展基金会,0
达华工程管理（集团）有限公司,0
北京岐黄中医药文化发展基金会,0
北京自然之友公益基金会,0
陕西省妇女理论婚姻家庭研究会,0
龙川县锦绣造林有限公司,0
北京水源保护基金会,0
安徽省森浩生态农业有限公司,0
上海金融与法律研究院,0
盛安物业公司,0
广府文化教育慈善专项基金,0
北京城乡商业（集团）股份有限公司,0
东润公益基金会,0
湖南女子学院,0
宁波诺丁汉大学Skyline乐队,0
青岛市歌舞剧院,0
长沙和风宾馆,0
北京鼎弧文化传播有限公司,0
广州市科技信息中心,0
桔林小学,0
南京工业大学生工学院,0
中国经济改革研究基金会,0
人保慈善基金会,0
江苏经贸职业技术学院教育发展基金会,0
北京航空航天大学教育基金会,0
北京市大兴区蒲公英中学                筛选,0
中国共产党北京市西城区委员会,0
睿泽云涌（北京）体育文化有限公司,0
丹东通海港航工程有限公司,0
泸定县中心敬老院,0
宁夏回族自治区妇女联合会,0
 大自然保护协会,0
汕尾市陆河县慈善会,0
北京乐知自胜教育咨询中心有限责任公司,0
宁夏回族自治区关心下一代基金会,0
长安市宇恒广告传媒经营部,0
上海中致社区服务社,0
国际金融博物馆,0
北京友好传承文化基金会,0
北京怡谖溯源文化有限公司,0
中国公安民警英烈基金会,0
武汉市石门峰慈善基金会,0
国科促创（北京）信息咨询中心,0
河南省胸科医院,0
深圳市金海马实业股份有限公司,0
天津市青少年发展基金会,0
呼和浩特市艺龙琴行有限责任公司,0
保山市民政局,0
北京海达宇通科技有限公司,0
武川县第五小学,0
湘潭县石鼓镇安乐学校,0
北京宝韵文化艺术发展有限公司,0
上海市华侨事业发展基金会,0
浙江农林大学教育基金会,0
银杏树下（北京）图书有限责任公司,0
西昌市民中,0
呼伦贝尔市扶贫基金会,0
乐业县教育局,0
昆明理工大学,0
南平市延平区人民政府水南街道办事处财政所,0
海南成美慈善基金会,0
云南红河县教育局,0
奉节县妇女联合会,0
江苏省职业技术学院,0
长顺好花红小学,0
山东环境保护基金会,0
北京泉空间文化发展有限公司,0
天津市妇女儿童发展基金会,0
中国林业科学研究院林业科技信息研究所,0
中国少年先锋队全国工作委员会,0
珺涵传媒广告有限公司,0
汉寿县人民医院,0
临海市海商职业技术学校,0
中视艺鑫（北京）国际文化传媒有限公司,0
浙江省北京师范大学南湖附属学校教育基金会,0
中国民航大学,0
北京市春天礼童心园特教幼儿园,0
北京能通租赁公司,0
阿坝藏族羌族自治州慈善总会红原县分会,0
南阳师范学院,0
武清区教育局,0
宁波音王集团有限公司,0
北京师晋斋文化艺术传播有限公司,0
山西医科大学教育发展基金会,0
北京萤火虫爱心公益基金会,0
神华爱心书屋捐河北地区,0
中国妇女出版社,0
北京天意绿野园林工程有限公司,0
青岛农业大学教育发展基金会,0
天津演界文化产业发展有限公司,0
北京新京报传媒有限责任公司,0
北京瑞森德管理顾问有限公司,0
中国农业大学人文与发展学院,0
北京徽鸿文化发展有限责任公司,0
龙川县欣欣广告礼仪装饰有限公司,0
华中科技大学同济医学院附属协和医院,0
大关县玉碗镇财政所,0
福建海西青年创业基金会,0
天津大学北洋教育发展基金会,0
简阳市镇金镇中心小学,0
鲁山县董周三小学校,0
昭通市安然公益事业联合会,0
温州文达文化传媒有限公司,0
浙江经贸职业技术学院,0
河南省慈善总会,0
北海天宁慈善基金会,0
青岛市残疾儿童医疗康复基金会,0
北京宠福鑫动物医院有限公司,0
杭锦旗亿利东方幼儿园,0
新疆昌吉州奇台县第一中心,0
深圳市慈缘慈善基金会,0
福建富闽基金会,0
江苏长江平民教育基金会,0
北京华鼎书院文化发展有限公司,0
成都合众公益发展中心,0
绍兴县平水镇敬老院,0
大兴区妇女联合会,0
新疆农业大学教育发展基金会,0
新疆维吾尔自治区残疾人福利基金会,0
广西靖西县南坡乡初级中学,0
中国石油教育学会,0
北京全景智通环境咨询有限公司,0
北京中金公益基金会,0
斯坦福大学StanfordUniversity,0
丹寨县民政局,0
连城县姑田中心小学,0
宜川县妇女联合会,0
甘肃启腾电子科技有限公司,0
北京元上都影视文化传播有限公司,0
修水县茂华希望小学,0
鹦哥岭保护站,0
安徽省太湖县新仓镇道衡希望小学,0
昆明市第一中学,0
四川大学锦城学院,0
上海社会企业研究中心,0
中国医药卫生事业发展基金会,0
汕头市潮南区成田镇公益慈善会,0
海南省医疗救助基金会,0
北京工商大学教育基金会,0
温州大学教育发展基金会,0
宁波诺丁汉大学飞盘社,0
济南市展英实业有限公司,0
怒江州妇女联合会,0
共青团攀枝花市仁和区委员会,0
上海瑞华慈善基金会,0
中国交响乐发展基金会,0
防城港市实验高级中学,0
江苏国信企业发展研究基金会,0
梅州市卫生局,0
秀山县法律援助中心,0
浙江泰隆慈善基金会,0
深圳市宝中旅行社有限公司,0
云南大学微尘社,0
广东省崇善乐慈善基金会,0
商丘市基督教协会,0
河南省残疾人福利基金会,0
北京华夏艺林文化有限公司,0
珲春市野生动植物保护协会,0
重庆市慈善总会,0
乐购仕(北京)商贸有限公司,0
上海小笼包聋人协力事务所,0
北京联爱儿童成长中心,0
浙江省人民教育基金会,0
荣福村村委会,0
北京怡海公益基金会,0
刘迎胜,0
浙江天景生公益基金会,0
凤凰都市传媒科技股份有限公司,0
普洱市红十字会,0
江苏七彩凤凰母语发展基金会,0
湖南省文化艺术基金会,0
新安中学,0
天津讯飞信息科技有限公司,0
枣庄市山亭区慈善总会,0
北京市美疆助学基金会,0
新疆师范大学,0
北京外研壹佳教育咨询有限公司,0
雅安市财政局,0
浙江省阳光教育基金会,0
北京易睿蔓文化传媒有限公司,0
安徽省老年基金会,0
广西和正慈善基金会,0
重庆奥创办公设备有限公司,0
中国妇女发展基金会,0
顶新公益基金会,0
州市海绎文化传播有限公司,0
徐闻县下洋镇小苏村民委员会,0
杭州全德堂药房有限公司,0
北京青少年发展基金会,0
鹤庆西草海自然保护中心,0
古田县平湖镇富达小学,0
广州农商银行太阳公益基金会,0
江孜白居寺,0
浙江原生态有机农业发展中心,0
北京中央民族大学教育基金会,0
明善网,0
河北燕达医院,0
临夏回族自治州工商行政管理局,0
上海二十一世纪民生美术馆,0
开封市残疾儿童康复中心,0
北京京东公益基金会,0
易德利游乐公司,0
北京市希望公益基金会,0
北京华普联合商业投资有限公司,0
延安市光彩事业促进会,0
北京青年宫,0
永新县怀忠镇村级财务管理中心,0
成都根与芽环境文化交流中心,0
陕西复源汇性别发展培训中心,0
北京电影学院教育基金会,0
北京中国青年政治学院教育基金会,0
北京华泰新纪元国际旅行社有限公司,0
吉林市教育局,0
浙江省丽水市庆元县教育局,0
兴业基金全球公司,0
湖北省健康管理学会,0
深圳市光明新区凤凰社区基金会,0
北京朱迪赫尔教育咨询有限责任公司,0
广东财经大学,0
安徽省儿童少年基金会,0
海南大德宝科技股份有限公司,0
安县慈善总会,0
重庆市江津区龙吟小学校,0
中国管理研究国际学会,0
福州永嘉宜住建设备有限公司,0
宁波惠风体育发展有限公司,0
延安市宝塔区妇女联合会,0
北汽福田汽车股份有限公司北京汽车销售分公司,0
北京海昌东方科贸有限公司,0
首都医科大学附属北京儿童医院,0
甘肃省妇女联合会,0
北京市慢性病管理协会,0
呼和浩特朝聚眼科医院有限公司,0
河南新长城实业有限公司长城饭店,0
浙江省李书福资助教育基金会,0
UNDP,1
云南省扶贫基金会,0
临海市慈善总会,0
宁夏爱佑和康儿童康复中心,0
乐昌市廊田镇中心小学,0
上海惠迪吉公益人心理关爱中心,0
广东省依依关爱儿童基金会,0
重庆市儿童医疗救助基金会,0
北汽福田汽车股份有限公司,0
滦平县公益扶贫服务中心,0
北京如琢广告有限责任公司,0
上海听音寻路文化交流有限公司,0
北京城建集团有限责任公司,0
中国朝鲜族少年报社,0
北京弘扬伟业文化发展有限公司,0
中兴通讯公益基金会,0
新晨青年公益发展中心,0
山东大学教育基金会,0
长安大学,0
中国人民解放军医院,0
南通铁人运动用品有限公司,0
亿利公益基金会,0
江苏常熟海虞镇中心小学工会,0
深圳市路源达建筑工程有限公司,0
北京昌平区多元智能环境研究所,0
广东省华美教育慈善基金会,0
北京微慕湘业广告有限公司,0
浙江湖畔大学创业研究基金会,0
江西省青少年发展基金会,0
广东省保利地产和谐文化基金会,0
盐城市扶贫基金会,0
北京博远达园林设计有限公司,0
霞浦县民族中学,0
北京市石景山区黄庄学校,0
北京乾坤恒大健康扶贫基金会,0
陕西省红十字基金会,0
宁夏慈善总会,0
云南省青年创业就业基金会,0
新疆法律援助中心,0
富蕴县慈善总会,0
新疆生产建设兵团青年创业增收基金会,0
辽宁省红十字基金会,0
三仓镇残联,0
中国残疾人辅助器具中心,0
杭州市公羊会公益基金会,0
甘肃省财政厅,0
知识产权出版社,0
利源镇人民政府,0
北京环游天下国际旅行社有限公司,0
台州市老年事业发展基金会,0
资助科技思想库建设,0
红河学院,0
内蒙古山水园林,0
国家智库综合开发研究院,0
佛山市顺德区北滘镇和园文化发展中心,0
北京敦煌文化传播有限公司,0
北京宏林源绿化服务有限公司,0
苏州红十字会,0
悠品农业科技（上海）有限公司,0
觅非播舍助养之家,0
甘肃省教育厅,0
云南省水利厅,0
长安区富力城黄河小学,0
北京中国国家博物馆事业发展基金会,0
巨思元启（北京）文化传播有限公司,0
河西区民政局慈善协会,0
美国石氏基金会,0
五华华城镇人民政府,0
北京三一公益基金会,0
北京社创文化传播有限公司,0
广东省志愿者联合会,0
天津市滨海新区慈善协会,0
中央电化教育馆,0
中国国家大剧院,0
无锡市祥符禅寺,0
福建省发展体育事业基金会,0
梁平县法律援助中心,0
深圳中学,0
天津中德高等职业技术学校,0
上海科技大学,0
甘肃省民政厅,0
宁波诺丁汉大学教育发展基金会,0
陕西瑞欣科技发展有限公司,0
中华少年儿童慈善救助基金会,155
贵阳市新东方烹饪职业中等学校,0
天津市婚姻家庭研究会,0
广州大学,0
北京联合大学,0
汉源县教育局,0
黎平筑梦新乡村公益发展中心,0
昭阳区大寨子乡财政所,0
广东省谢汉才慈善基金会,0
艺库（北京）国际艺术品物流有限公司,0
天全县财政局,0
建德市老龄事业发展基金会,0
温州大学大学生艺术团,0
天津市残疾人福利基金会,0
北京国大药房连锁有限公司永定门连锁店,0
广州市慈善会,0
北京金融街慈善基金会,0
中国地质调查局国土资源实物地质资料中心,0
重庆市涪陵区法律援助中心,0
重庆市残疾人福利基金会,0
沈阳市妇女联合会,0
西安高新第一中学,0
伽师县双语小学,0
德敦佛学院,0
沙县教育会计核算中心,0
北京三江金客汽车销售有限公司,0
广州番禺小金雁社区公益服务中心,0
福建省侨联事业发展基金会,0
桂阳县光明乡中心,0
广西荣和爱心基金会,0
建阳市黄坑镇会计核算中心,0
昭通市妇女联合会,0
北京阳光之旅航空服务有限责任公司,0
盐城中学,0
潍坊四中,0
龙潭财政所,0
兰州文化行者文化交流中心,0
武汉亚洲心脏病医院,0
海南安正房地产开发有限公司,0
多伦多大学,0
重庆市生产力发展中心,0
丽江玉龙县落美小学,0
赣州市南康区天利儿童康复中心,0
北京人民在线文化发展中心,0
临海市邵家渡青少年体育俱乐部,0
阿拉善军分区,0
北京安信环宇广告有限公司,0
论文作者,0
巍山县文化体育广播电视局,0
中国国际经济交流中心,0
北京市志愿者联合会,0
茂县九顶山野生动植物之友协会,0
杭州市残疾人福利基金会,0
河北省民盟医疗委,0
河南省儿童希望救助基金会,0
西安市慈善会,0
红色金融专题委员会,0
鹤庆县教育局,0
仪陇县乡村发展协会,0
北京雅歌在线国际文化交流有限公司,0
南京倜傥公关策划有限公司,0
绵竹顶新小学,0
北京北奥盛典国际文化发展有限公司,0
山东省友芳公益基金会,0
盐城工学院教育发展基金会,0
南京工业大学材料学院,0
安徽师范大学教育基金会,0
汉中妇联,0
北京市朝阳区七彩昀社会工作事务所,0
新疆维吾尔自治区新勇教育基金会,0
天津市滨海社会救助基金会,0
湖北省慈善总会,175
新京报社,0
广州百济新特药业连锁有限公司,0
南京市教育局,0
云南定远投资有限公司,0
璧山区妇女联合会,0
安徽省青年创业就业基金会,0
上杭县古田镇人民政府,0
北京崇学山庄宾馆有限公司,0
中华社会救助基金会,0
河北英利装璜装饰有限公司,0
云南大学,0
亚太森林恢复与可持续管理组织,0
广东童年之家实业有限公司,0
语文出版社有限公司,0
中国狮子联会,0
云南省青少年发展基金会,0
广州市大地之子社区学园,0
北京彩虹公益基金会,0
滨海紫云中学,0
北京清澈高远文化传播有限公司,0
北京协和医学基金会,0
广东省尚东公益基金会,0
中国汽车维修行业协会,0
北京天亿彩乐印刷技术有限公司,0
邯郸学院,0
河南田野文化艺术有限公司,0
安庆野寨中学,0
永安市康燕印刷厂,0
长沙市体育发展基金会,0
陵水黎族自治县林业局,0
北京国璞文化传媒有限公司,0
东台光正眼科医院,0
铁道影视音像中心,0
云南昆明北斗星公益志愿团队,0
新创基金,0
温州市实验中学教育发展基金会,0
板桥畲族乡中心小学,0
宁波市红十字会,0
武定石腊它小学,0
福建松溪县财政局,0
宁夏水务投资集团有限公司,0
九江市慈善总会,0
国家文物局文物出版社,0
平潭县比干文化研究会,0
江阴市民政局,0
广东省担当者行动教育发展中心,0
上海宝山区教育局,0
大化县财政局,0
陕西星际电子科技发展有限责任公司,0
南京大学出版社,0
慈溪市匡堰镇樟树村民委员会,0
贵州师范大学,0
中华同心温暖工程基金会,0
宁波市鄞州区启迪幼儿园,0
北京市丰台区人民政府,0
雁江区保和镇陶氏化学希望小学,0
中国共产党济南市委员会,0
西昌市第一中学,0
广东省青少年发展基金会,0
北京市平谷区红十字会,0
天津市盛唐印刷有限公司,0
杭州爱卓环保科技咨询有限公司,0
中国华侨公益基金会,0
依安县民政局,0
成都石河小学,0
四川苏宁云商销售有限公司,0
芦山县财政局,0
永安市文峰企划工作室,0
首都儿科研究所附属儿童医院,0
河池市妇女联合会,0
晋江市安海镇溪边健康农业合作社,0
江门市归国华侨联合会,0
北京华亚艺术基金会,0
中国共产党重庆市委员会宣传部,0
上海四叶草罕见病家庭关爱中心,0
剑河县轮级种苗场,0
杭州滴水公益服务中心,0
江苏宏德文化出版基金会,0
成都市锦江区生绿色生态文化发展中心,0
北京欧亚美展览服务有限公司,0
昆山祥和帮困基金会,0
成都市锦江区爱有戏社区文化发展中心,0
福州市闽侯善恩园,0
广州市南山自然科学学术交流基金会,0
大英县银丰林木培育有限公司,0
上海市口腔医学会,0
西昌市关心下一代基金会,0
佛山市海力塑料制品有限公司,0
北京水瓶时代文化传播有限公司,0
江苏海澜教育发展基金会,0
成都市青少年发展基金会,0
上海谢晋电影艺术基金会,0
焦家童趣园,0
重庆市扶贫基金会,0
深圳市欣旺达慈善基金会,0
五华县华城镇人民政府,0
安庆广播电视台,0
河北省平山县西柏坡中学,0
北京绿色阳光环保公益基金会,0
上海市慈善教育培训中心,0
南京大报恩文化发展基金会,0
江苏科技大学教育发展基金会,0
云南社会组织救援服务平台,0
甘孜州双鑫混凝土有限责任公司,0
雁江区老鹰小学,0
中国共产主义青年团天津市河西区委员会,0
海南海口市琼山林业绿化苗木场,0
沾益县妇女联合会,0
柳河县少年儿童体育学校,0
邛崃市高河镇财政所,0
中国志愿服务基金会,0
北京汉扬葛瑞营销顾问有限公司,0
内蒙古德德玛艺术职业学院,0
深圳市同心慈善基金会,0
西藏洛隆县,0
山东省中国海洋大学教育基金会,0
龙胜县教育局,0
北京尚善公益基金会,0
华侨大学,0
嵩县黄庄乡古垛小学,0
上海市社会福利行业协会,0
《社会与公益》杂志社有限公司,0
湖南省红十字会,0
北京达理公益基金会,0
海南省残疾人基金会,0
北京市海淀医院,0
重庆孤残儿童援助基金会,0
常州工程职业技术学院教育发展基金会,0
青海省心脑血管专科医院,0
内蒙古师范大学附属盛乐实验学校,0
新郑市新烟街道办事处财政所,0
上海夏征农民族文化教育发展基金会,0
红安正邦养殖有限公司,0
上海科技助老服务中心,0
北京工业大学教育基金会,0
湖北天皓翔投资有限公司,0
硐口童趣园,0
武汉理工大学教育发展基金会,0
阿坝州残疾人联合会,0
深圳市伍捌捌伍公益救援组织服务中心,0
安徽省红十字会,0
彝良县妇联女企业家协会,0
深圳市绿色低碳发展基金会,0
上海市儿童基金会,0
新疆自治区教育厅,0
南京南高教育培训中心,0
广西生态工程职业技术学院,0
北京麦迪卫康品牌管理顾问股份有限公司,0
兰州中导报业经营有限公司,0
青岛市登山协会,0
北京市永源公益基金会,0
江苏陶欣伯助学基金会,0
苏州市教育发展基金会,0
王会仙,0
乐清市社会组织发展基金会,0
华润慈善基金会,0
安阳市海外联谊会,0
中国慈善联合会,0
陕西省老龄事业发展基金会,0
贵州省思南县团县委,0
北京感恩公益基金会,0
天津市人口福利基金会,0
教育部学校规划建设发展中心,0
华美优品（北京）贸易有限公司,0
河南油田油建工程建设有限责任公司,0
中国文化产业协会,0
海南省财政厅,0
吉林大学第一医院医学发展和医学援助基金会,0
南方医科大学珠江医院,0
苏州公安大病特困救助基金会,0
乐至县凉水初级中学,0
广州市羊城志愿服务基金会,0
广州欢乐岛康体设备有限公司,0
湖北省宜昌一中教育发展基金会,0
湖南省志愿服务基金会,0
上海明德公益基金会,0
浙江大学医学院附属第二医院,0
文昌市林业局,0
深圳市小鸭嘎嘎公益文化促进中心,0
江苏黑土地粮油食品有限公司,0
简阳市石板镇中心幼儿园,0
中国传媒大学,0
宿迁市医疗卫生事业投资管理中心,0
托尼.布莱尔非洲治理促进会,0
广东省合生珠江教育发展基金会,0
安徽省残疾人康复研究中心,0
宁波市善园公益基金会,0
山东省残疾人福利基金会,0
中国生命关怀协会,0
广州市职工济难基金会,0
四川省侨商联合会,0
山东省潍坊市锦海小学,0
韶山市银田镇中心小学,0
辽宁省法律援助中心,0
渭南市临渭区妇女联合会,0
比亚迪慈善基金会,0
《时尚健康》杂志社,0
青岛天泰温泉谷置业有限公司,0
黑龙江肇东市教体局,0
国药控股广州有限公司,0
潭山茂华希望小学,0
中国光彩事业促进会,0
龙井市业余体育学校,0
东方宾馆,0
鹤山市慈善会,0
深圳市南山区西丽果场,0
昆明海口林场,0
江苏宏大青少年人才发展基金会,0
海南省农垦三亚医院,0
黑龙江省带岭林业实验局,0
内蒙古自治区儿童基金会,0
北京洪炎凯商贸有限公司,0
黑龙江大学教育发展基金会,0
湖北美术出版社,0
德阳市妇女联合会,0
浙江大学道教文化研究中心,0
广州市青少年发展基金会,0
青海同仁县民族中学,0
北京蓝冰印刷有限公司,0
北京微梦创科网络技术有限公司,0
艾格浦文化传播（北京）有限公司,0
北京荣生伟业印刷技术中心,0
北京意诺凯雅公关顾问有限责任公司,0
盈江县妇联蓝天春蕾小学,0
重庆市巴南区妇女联合会,0
北京新文时代金币文化传播有限公司,0
广州市振兴粤剧基金会,0
吉林省残疾人福利基金会,0
永安市森茂伐区调查设计有限公司,0
延安教科文发展基金会,0
南京大学,0
陆川县在田公协会,0
宁蒗县妇联,0
宁波市海曙区公益组织发展基金会,0
吉林省慈善总会,0
西藏中学,0
和平县古寨镇人民政府,0
广东省岭南教育慈善基金会,0
吴江日报社,0
“美丽广西•清洁乡村”活动领导小组办公室,0
王宽诚,0
中华人民共和国教育部,0
长沙市中锐体育管理有限公司,0
华南师范大学,0
贵州省基督教三自爱国运动委员运动委员会,0
深圳市志愿服务基金会,0
中国民航科学技术研究院,0
中科多语（北京）信息技术有限公司,0
四川大学-香港理工大学灾后与重建管理学院,0
中国青少年发展基金会,175
麦克法兰,0
乐知多教育咨询有限公司,0
北京节能与电力技术开发基金会,0
东方恒通文化传媒（北京）有限公司,0
武汉适普软件有限公司,0
中共青田县委统战部,0
内蒙古自治区妇联,0
成都市锦江区社会组织发展基金会,0
广西靖西县靖西中学,0
北京春秋永乐文化传播股份有限公司,0
中国藏学研究中心,0
吴作人国际美术基金会,0
浙江省娃哈哈慈善基金会,0
李四光地质科学奖基金会,0
娄烦县林业局,0
北京华人少年儿童文化教育交流协会,0
浙江永强慈善基金会,0
阿图什市一中,0
广东省国强公益基金会,0
深圳市源泉朋辈辅导服务中心,0
兰州凤林渡文化传播有限公司,0
温州无衣文化传媒有限公司,0
酉阳土家族苗族自治区国库集中支付中心,0
广西师范大学教育发展基金会,0
中国共产党唐山市委员会宣传部,0
广州军区广州总医院,0
京山县宋河镇财政管理所,0
杨浦区实验小学,0
北京优乐高文化传播有限公司,0
西藏自治区民间组织促进会,0
四川省光华教育发展基金会,0
内蒙古自治区社会组织服务中心,0
中教文创（北京）教育科技研究院,0
吉林省白城市通榆县同发明德小学,0
广东省广铝公益基金会,0
高峰学区,0
十堰市林业局,0
福建省同心慈善基金会,0
歙县新安国医博物馆,0
北京开平世纪投资管理有限公司,0
苏州和合文化基金会,0
哈佛大学肯尼迪政府学院中国学生学者联合会,0
中国烟草总公司,0
上海师范大学谢晋影视艺术学院,0
宁夏青年社会创新发展中心,0
浙江大学馥莉食品研究院,0
红豆集团,0
甘谷县人民政府,0
中国人民解放军空军总医院,0
北京汉雅天诚教育科技教育有限公司,0
北京信海科园大药房有限公司,0
乌兰夫纪念馆,0
赖永海,0
西安工友之家,0
西安久昌公司,0
淳安县老年基金会,0
中共中央党校出版社,0
黑河市森源林产品开发有限责任公司,0
北京拓安科云酒店管理有限公司,0
杭州师范大学马云教育基金会,0
中国青年志愿者协会,0
西藏自治区报刊出版中心,0
仁化县黄坑中学,0
永善县码口镇财政所,0
镇远县财政国库集中支付中心,0
中国敦煌石窟保护研究基金会,0
建银饭店有限责任公司,0
湖南宏光农业科技综合开发有限公司,0
坊子区教育局,0
广东省财新公益基金会,0
登封市嵩山文化研究会,0
北京市朝阳区人民政府大屯街道办事处,0
广西省天等县扶贫开发领导小组办公室,0
深圳市深圳大学教育发展基金会,0
深圳市博时慈善基金会,0
上海浦东新区蒲公英儿童发展中心,0
丽江黄山镇中心校,0
佳运新思（北京）国际文化有限公司,0
余下中心学校,0
河北女子职业技术学院,0
西藏高山文化发展基金会,0
中国社会组织促进会,0
北京中改创新人才发展基金会,0
四川桃花源生态保护基金会,0
湖北省妇女联合会,0
南京源川科技有限公司,0
龙川县林业局,0
北京易飞华通文化传播有限公司,0
玉林市妇女联合会,0
丽水学院,0
罗定职业技术学院,0
青田县石门中学,0
镇江金山江天禅寺,0
浙江省发展侨务事业基金会,0
上海映绿公益事业发展中心,0
北京友盟基业科技发展有限公司,0
云南省第二人民医院,0
中国科学技术大学教育基金会,0
山东省中国石油大学教育发展基金会,0
北京盛世嘉华广告有限公司,0
山西省创业就业基金会,0
海口市琼山区云龙镇人民政府,0
浙江奥康鞋业股份有限公司,0
叶海燕,0
温州市金球国豪大酒店有限公司,0
阿拉善左旗泉心文化咨询服务有限公司,0
北京至德天佑文化交流中心,0
北京三构医学网络技术有限公司,0
深圳市创新企业社会责任促进中心,0
湖南中粮可口可乐有限公司,0
S.Graham&Associates,0
华韵传媒股份有限公司,0
北京大学政府管理学院公民社会研究中心,0
安踏体育用品集团有限公司,0
上海交通大学医学院附属新华医院,0
德州市教育局,0
南昌大学第一附属医院,0
吉林省长春市第一二三中学,0
凉州区九墩滩开发指挥部十墩小学,0
重庆西南大学教育基金会,0
广河县卫生和计划生育局,0
北京首航国力商贸有限公司,0
新疆维吾尔自治区妇女联合会,0
时堰镇残联,0
永平县羊街英才春蕾小学,0
兰州大学教育发展基金会,0
桃源居公益事业发展基金会,0
中国中医科学院,0
河北省红十字基金会,0
中国光华科技基金会,0
湖北省刘道玉教育基金会,0
哈尔滨市老年基金会,0
河北省青年就业创业基金会,0
杭州市老龄工作委员会办公室,0
琼中黎族苗族自治县什运乡中心小学,0
贵州省妇女联合会,0
杨教院实验小学,0
深圳市慈善会,0
北京大学人民医院,0
美好社会咨询社,0
刘东,0
卡瓦格博传统文化与生态保护老年协会,0
固原贤明民族服饰有限公司,0
新疆维吾尔自治区资助教育基金会,0
广东省国家安全基金会,0
北京绿道科创投资咨询有限公司,0
西安新希望信息工程有限公司,0
浙江理工大学,0
甘肃妇女儿童发展基金会,0
贺州市人民医院,0
昭通市青少年发展基金会,0
西乡县妇女联合会,0
上海浦东新区三林乐活公益服务中心,0
雷山县教育局,0
上海市拥军优属基金会,0
曲靖工商职业技术学院,0
东莞理工学院学生处,0
北京瑞普华老年救助基金会,0
阿合奇团结小学,0
河北省残疾人福利基金会,0
中华国际科学交流基金会,0
北京市家庭教育研究会,0
西安市志愿者联合会,0
连云港市组织宣传部,0
简阳市清风乡付家坪九义校,0
中国新闻记录电影制片,0
襄阳市环境保护协会,0
浙江大学宁波理工学院教育发展基金会,0
中国女医师协会,0
禄劝县照鲁村,0
北京盛世道弘文化传媒有限公司,0
贵州省兴仁县大荒坪村,0
商洛妇联,0
北京青爱教育基金会,0
土木学院,0
江苏省美德基金会,0
阿图什市第一小学,0
南京市鼓楼区爱心助学协会,0
北京国仁合众文化传播有限责任公司,0
北京星际元会展有限公司,0
温州日报报业集团,0
北京歌路营文化发展有限公司,0
深圳市贝晶光电科技有限公司,0
北京仓颉八八国际汉语教育科技有限公司,0
上海王正国创伤医学发展基金会,0
台州职业技术学院,0
呼和浩特红十字会,0
武警部队招待所,0
北京艺美公益基金会,0
桂林旅游高等专科学院,0
北京盛世传奇广告传媒有限公司,0
北京市仁爱慈善基金会,0
北京凯恩克劳斯经济研究基金会,0
广州市花都区慈善会,0
天津市妇女联合会,0
苗荟（北京）文化创意有限公司,0
安徽省世佳床上用品有限责任公司,0
北京公旻汇咨询中心（中国发展简报注册机构）,0
长乐市林业局,0
上海浦东新区乐耆社工服务社,0
廉江市新民镇黎村经济联合社,0
晋江市陈埭民族中学教育基金会,0
大庆市青少年青春期教育研究会,0
浙江省人民医院,0
安岳县左家坪九义校,0
创意工坊（北京）文化科技有限公司,0
广西民族大学,0
辽宁省青少年发展基金会,0
徐州月亮湾生态农林发展有限公司,0
北京彩虹之约国际文化传媒有限公司,0
张家港市农联爱心基金会,0
上海市老年基金会,0
江西壹陆伍科技开发有限公司,0
南昌职业学院,0
北京万通公益基金会,0
东阳中国木雕城宪坝工艺品店,0
宁波81890志愿者协会,0
中国移动慈善基金会,0
怀化兴业建设有限责任公司,0
广东省烛光教育发展基金会,0
长沙绿色潇湘环保科普中心,0
北京京演鑫林国际文化有限公司,0
北京航空航天大学,0
中国汽车文化促进会,0
云南云岭自然保护区管理局,0
北京威尔海森国际文化传播有限公司,0
江苏元林慈善基金会,0
上海外贸学院,0
南山佛教文化研究所,0
宁夏麦丽燕基金会,0
苏州明德公益基金会,0
山东省滨州市教育局,0
周至县妇女联合会,0
黄奕聪慈善基金会,0
深圳市建业（集团）股份有限公司,0
昭通市光彩事业促进会,0
宝塔区会计结算管理临镇工作站,0
贵州省教育发展基金会,0
天津中国民航大学教育发展基金会,0
中诚公益创投发展促进中心,0
青岛日报报业集团,0
东台市广播电视台,0
成都禾宇商贸有限公司,0
迁西县远洋食品有限公司,0
绵阳市涪城区益生教育基金会,0
中央编译局比较政治与经济研究中心,0
华中师范大学教育发展基金会,0
湖北省妇女儿童发展基金会,0
广东省残疾人公益基金会,0
柳州市妇女联合会,0
乾通易,0
上海叔同深渊科学技术发展基金会,0
广西师范大学,0
阳泉市林业局,0
国家卫计委规财司,0
捌陆（上海）建筑设计有限公司,0
国家卫生计生委科学技术研究所,0
北京抵天盾防灾技术有限公司,0
北京市太阳村儿童教育咨询中心,0
浙江金华市眼视光预防保健所,0
湖北大学教育发展基金会,0
上海民生艺术基金会,0
北川羌族自治县中科博爱社会工作服务中心,0
北京英典电子商务有限责任公司,0
江苏新沂窑湾镇中心小学,0
山水自然保护中心,0
黄岩北洋瑞岩寺,0
安徽大学黄梅剧艺术研究中心,0
凉山彝族妇女儿童发展中心,0
南京特殊教育职业技术学院,0
咸阳市角声儿童之家,0
吉林省长春市第二十五中学,0
河源市人民政府,0
深圳市自闭症研究会,0
江苏省妇女联合会,0
深圳市红树林湿地保护基金会,0
呼和浩特市扶贫促进会,0
上海徐汇区凌云绿主妇环境保护指导中心,0
四川省青年创业就业基金会,0
邵阳市文化艺术基金会,0
浑源县林业局,0
国家行政学院,0
厦门市龙泰行贸易有限公司,0
慈溪市慈航公益服务中心,0
来宾市远志爱心助学会,0
湖南省慈善总会,0
辽宁省残疾人辅助器具中心,0
广东省妇联,0
隆化县中医院,0
北京爱特博旅运服务有限公司,0
天台县南屏学校,0
东莞市仰山国学传承有限责任公司,0
空瓶子文化传播(上海)有限公司,0
北京朗天星文化传播有限公司,0
广东省林业调查规划院,0
碌曲县西仓寺院藏医院,0
国际儒学联合会,0
甘肃兴华青少年助学基金会,0
安徽黄山公益基金会,0
重庆医科大学附属儿童医院,0
湖南天天向上公司,0
广东省德耆慈善基金会,0
北京志远功臣关爱基金会,0
武汉商贸职业学院,0
上海崇明县建设敬老院,0
丰城市丽村镇财政所,0
察哈尔学会,0
湖南师范大学,0
广东省广州中医药大学教育发展基金会,0
上海傲德传媒广告有限公司,0
上海长三角人类生态科技发展中心,0
东南大学,0
四川省索玛慈善基金会,0
河南省华夏历史文明传承创新基金会,0
北京市搜候中国城市文化基金会,0
心声影视传播（上海）有限公司,0
江汉大学教育发展基金会,0
杭州市老龄事业发展基金会,0
建瓯市小松镇会计核算中心,0
三穗县教育局,0
北京颂雅风文化传媒有限责任公司,0
香格里拉市林业局,0
深圳市易联通汇科技有限公司,0
河北省邢台残疾人福利基金会,0
吴桥县建国教育奖励基金,0
杭州贝乐文化传播有限公司,0
常熟理工学院教育发展基金会,0
上海荣昶公益基金会,0
中国邮政集团公司北京市海淀区双榆树邮政支局,0
北京市昌平区舒耘听力语言康复中心,0
福州市计划生育协会,0
黑龙江省教育厅,0
四川省凉山州会理县,0
青年科技企业家,0
南京理工大学教育发展基金会,0
凯风公益基金会,0
扬州大学教育发展基金会,0
广东省光彩事业促进会,0
广州市保利世贸物业管理有限公司,0
中国儿童中心儿童探索馆,0
中华全国律师协会,0
北京光彩明天儿童眼科医院,0
广东省科学育儿实验基地,0
北京新阳光慈善协会,0
快乐童行,0
中共泰兴市委老干部局,0
北京太阳城度假村有限公司,0
北京地球村环境教育中心,0
西宁市残疾人联合会,0
北京千堆雪影视文化有限公司,0
化隆回族自治县希望小学,0
北京恩友信息咨询有限公司,0
陆川县大桥一中,0
赵航,0
四川省肌体伤残康复中心,0
山西省财政税务专科学校,0
招商局慈善基金会,0
青田县世界青田人联谊总会,0
大桥镇中心学校,0
福建师范大学,0
攀枝花市残疾人联合会,0
新乡原阳桂刘庄小学,0
北京亮马河大厦有限公司,0
吉林省法律援助中心,0
江西省体育发展基金会,0
中国人民银行铜川市支行扶贫领导小组,0
永川区妇女联合会,0
武汉大学出版传媒股份公司,0
河北进德公益基金会,0
中国少年儿童文化艺术基金会,0
上海崇明区大同敬老院,0
景谷县妇联,0
云南省妇女儿童发展基金会,0
常州荆川爱国兴学基金,0
江苏大学教育发展基金会,0
新世纪梦想图书馆(北京儒林风科技发展中心),0
海南省社会组织促进会,0
广东绿耕社会工作发展中心,0
深圳光彩事业促进会,0
浙江科技学院教育基金会,0
深圳市石门坎教育公益基金会,0
四川省广安市教育基金会,0
北京科技大学,0
社会资源研究所,0
青岛市登山运动协会,0
郑州图书馆学会,0
张良玉,0
北京市海淀区人民政府,0
保德县林业局,0
北京市大兴区蒲公英中学,0
北京高地物业管理有限公司通州分公司,0
浙江省爱心事业基金会,0
深圳市汉旗文化传播有限公司,0
陕西省青年创业就业基金会,0
中国民主建国会广西壮族自治区委员会,0
大连市妇女儿童发展基金会,0
湖北省残疾人福利基金会,0
泸州景洪捌零零医疗器械服务有限公司,0
昆明春晓图书经贸有限公司,0
深圳市龙越基金会,0
北京合祥雕塑艺术有限公司,0
深圳市荣超公益基金会,0
北京昊泰长跃广告有限公司,0
广东省方圆公益基金会,0
广东省学生体育艺术联合会,0
大理州妇联,0
定西市安定区高峰学区,0
杭州华鼎文化传播有限公司,0
乐清市革命老区开发建设促进会,0
运城市民政局,0
中国儿童少年基金会,0
周口市财政国库集中支付中心,0
湖北汽车工业学院教育发展基金会,0
浙江省青少年发展基金会,0
陕西普施信息工程有限公司,0
广西民族大学教育基金会,0
深圳造梦家文化传播有限公司,0
深圳市警察基金会,0
龙门县龙华镇财政所,0
广东省明德幸福文化教育基金会,0
芜湖市龙凤盖源茶叶贸易有限公司,0
福安市溪柄镇楼下村小学,0
宁波音王电声股份有限公司,0
武隆县火炉镇人民政府,0
上海绿地休闲实业有限公司,0
上海浦东非营利组织发展中心,0
上海博索建筑装饰有限公司,0
广州市中海达测绘仪器有限公司,0
深圳市老龄事业发展基金会,0
昆明滇池国家旅游度假区管理委员会,0
福建省泉州第五中学教育基金会,0
北京朝外搜候房地产有限公司,0
周口市眼科医院,0
中国金融出版社,0
昆明市安宁朝阳小学,0
衡水心血管病医院（普通合伙）,0
山东建筑大学,0
华民慈善基金会,0
上海知了公益文化传播中心,0
内蒙古民族青年文化艺术基金会,0
湖南大学,0
新晨助学,0
尼玛县财政局,0
沙坡头区蓝海公益慈善事业发展中心,0
宁波鄞州银行公益基金会,0
安徽省横山国家森林公园管理处,0
中央电教馆,0
增爱公益基金会,0
北京以德服人科技有限公司,0
北京泛亚中视公关策划有限公司,0
温州市绿色水网环保公益中心,0
 曲靖市麒麟区三宝镇何旗小学,0
上海市民防办公室,0
广西慈善总会,0
甘肃庆阳环县人民医院,0
上海至美公益基金会,0
林产工业规划设计院,0
廊坊红十字会,0
保昌国际货运有限公司,0
韶关学校小学部,0
浙江青田之家公益基金会,0
北京东方润通文化发展有限公司,0
上海虹口区社会组织服务中心,0
北京万国经典书城,0
温州市人民教育基金会,0
上海浦东新区禾邻社区艺术促进社,0
重庆市富祥水电建筑安装工程有限公司,0
梁垛镇残联,0
慈卫流动儿童合唱团,0
宜兴尊老社,0
北京五月奇迹展示设计有限公司,0
阿拉善生态基金会,0
闽都中小银行教育发展基金会,0
北京中央戏剧学院教育发展基金会,0
四川省民政厅,0
张家界市永定区慈善总会,0
广州市时代地产公益基金会,0
甘肃省康复中心医院,0
和林格尔县财政局,0
成都市残疾人福利基金会,0
四川广元县小学,0
广西光彩事业促进会,0
北京凌盛爱心公益基金会,0
宁波爱心同盟,0
 贵州新华摄影图片社,0
贵阳市众益志愿者服务发展中心,0
昆明市西山区实验中学,0
陕西延长县光华中学,0
福建省妇女儿童发展基金会,0
共青团攀枝花市西区委员会,0
王华宝,0
北京上乘时空传媒文化发展有限公司,0
上海复恩社会组织法律服务中心,0
中民慈善捐助信息中心,0
清华-富士康纳米科技研究中心,0
桂林电子科技大学,0
江西师范大学教育发展基金会,0
北京太极禅院,0
成都城市河流研究会,0
会泽县民政局,0
福建省南靖县梅林中心小学,0
中国民用航空飞行学院,0
青岛市城阳区慈善会,0
于芬,0
重庆市妇女儿童基金会,0
长春工程学院教育基金会,0
迪庆州香格里拉洛吉小学,0
湖南省扶贫基金会,0
华北电力大学(北京),0
山东英吉多健康产业有限公司,0
杭州市余杭区老年人体育协会,0
雅安市益联减灾服务中心,0
河北省红十字会,0
广州医学院,0
广东省广东外语外贸大学教育发展基金会,0
永恒慈善基金会,0
河北中医肝病医院,0
北京世纪慈善基金会,0
青海省玉树藏族自治州教育局,0
北京国民经济研究所,0
南平市东坑民族小学,0
人民大会堂管理局,0
赫章县爱德项目办公室,0
北京上造影视文化有限公司,0
吉林省青少年发展基金会,0
益云社会创新中心,0
上海昆腾商贸有限公司,0
武汉太阳之家互助中心,0
清芬燕园（北京）文化发展中心,0
五华县鼓岭镇人民政府,0
永清台湾工业新城管理委员会,0
怒江州侨联,0
岳阳市江豚保护协会,0
爱心驿站助学金,0
云南省林业基金管理总站,0
双流县安康家园管理办公室,0
武隆县土坎镇人民政府,0
广东省消防救助基金会,0
资阳市明泰科技有限公司,0
凉山彝族自治州美姑县教育局,0
人卫大厦有限公司,0
玉树州农牧民健康促进会,0
江苏兰深科技有限公司,0
泸州市关心下一代基金会,0
吉林省妇女儿童基金会,0
广西桂嘉汇青少年儿童救助基金会,0
上海东方现代进修学院,0
北京华彬文化基金会,0
钦州市钦南区学生资助管理中心,0
上海徐汇区博爱儿童康健园,0
三里鹏小学,0
苏州农业职业技术学院教育发展基金会,0
深圳市凯源玺信息咨询有限公司,0
福建省潘振东教育基金会,0
陕西允中文教院,0
新华人寿保险股份有限公司北京分公司,0
天津市鹤童老年公益基金会,0
华阳慈善基金会,0
资阳市关心下一代基金会,0
江苏沙钢公益基金会,0
深圳市罗湖区卫宁社区服务中心,0
开阳县教育局会计核算中心,0
陕西海阅棠文化传媒有限公司,0
北京爱佑和康儿童康复中心,0
西昌华源国际旅行社有限公司,0
浙江工业大学,0
烟台市教育装备与技术研究中心,0
米易县新山傈僳族乡财政所,0
中厦集团,0
北京慈幼儿童福利研究中心,0
广东省东风日产阳光关爱基金会,0
内蒙古光彩事业基金会,0
辽宁省慈善总会,0
民航博物馆,0
青海玉树州曲麻莱县约改镇寄宿制小学,0
陕西教育报刊社,0
西昌市第二中学,0
上海交通大学第三部门研究中心,0
香港长春社,0
中国海油海洋环境与生态保护公益基金会,0
灵武市北沙窝林场,0
拜泉县民政局,0
北京荷花开处公益文化馆,0
北京中艺艺术基金会,0
龙江县民政局,0
北京新阳光慈善基金会,0
永安市林业局,0
天津京剧院,0
云南省邵通市妇联,0
杭州师范大学教育基金会,0
吉卫民族小学溜豆村爱心幼儿园,0
四川成都蓝光助学基金会,0
浙江省革命老区发展基金会,0
鲁甸县红十字会,0
东源县义合镇南浩苗圃场,0
联卓村幼儿园,0
中国人寿保险股份有限公司天津市分公司,0
深圳市犀牛鸟公益事业发展中心,0
潼南县塘坝文昌学校,0
沙县富口中心小学,0
郑州市金水区圣非城幼儿园,0
北京市平谷区医院,0
西昌市第四中学,0
中国关心下一代工作委员会儿童发展研究中心,0
中国青年创业就业基金会,0
泛海公益基金会,0
北京和谐阳光文化传播有限公司,0
北京市大兴区妇女联合会,0
深圳市中国慈展会发展中心,0
北京长平经世经济咨询有限公司,0
上海市居（村）委会工作协会,0
广东省中山大学教育发展基金会,0
广州市海珠区人民政府昌岗街道办事处,0
中国龙江森林工业（集团）总公司,0
广西国海扶贫助学基金会,0
西安市儿童福利院,0
蔡司光学仪器上海国际贸易有限公司,0
深圳市朱树豪纪念慈善基金会,0
人民数字科技产业有限公司,0
中国共产主义青年团米易县委员会,0
北京市平谷区妇女联合会,0
北京三七优艾广告传媒有限责任公司,0
广东省执信教育发展基金会,0
米易县攀莲镇财政所,0
北京兴博旅投资规划设计院有限公司,0
汕头市三凌市政建设有限公司,0
云南省昭通市中医医院,0
浙江馥莉慈善基金会,0
洛阳旺洼小学,0
杭州市关爱孤儿基金会,0
连云港正大天晴爱心基金会,0
常德汉剧高腔保护中心,0
安徽省含山县运漕中学,0
海南亚洲公益研究院,0
湖北省家庭教育研究会,0
南京大学教育发展基金会,0
天津市健康管理协会,0
万科公益基金会,0
北京联丰万达商贸有限公司,0
北京蜂鸟映像电子商务有限公司,0
中国民用航空局电教中心,0
天等县高级中学,0
大连万达集团股份有限公司,0
蓝晶展览展示公司,0
重庆市青年志愿服务基金会,0
宁夏回族自治区慈善总会,0
洛宁县国库支付中心,0
上海聚善助残公益发展中心,0
湖南省长沙理工大学教育基金会,0
成都白水诗仙文化有限责任公司,0
南京的颂文化传播公司,0
吉林省康乃尔公益基金会,0
安顺学院,0
河南省妇女联合会,0
中国禁毒基金会,0
青海省民政厅,0
四川电子科技大学教育发展基金会,0
绍兴市园林建设有限公司,0
北京市房山区霞云岭乡人民政府,0
贵阳三联乳业有限公司,0
北京城乡之声文化艺术中心,0
永春县玉斗中心小学,0
广东省暨南大学教育发展基金会,0
北京中国石油大学教育基金会,0
上海阎宝航社会公益基金会,0
中央电视台,0
青田县小舟山乡人民政府,0
成都秘境文化传播有限公司,0
北京百利顺印刷技术有限责任公司,0
沂南县妇幼保健院,0
北京四季沐歌太阳能技术集团有限公司,0
广东省君华公益基金会,0
北京商道纵横信息科技有限责任公司,0
铜川矿务局中心医院,0
广州百信家居有限公司,0
杨柏,0
太原理工大学,0
大连市残疾人福利基金会,0
安徽省石台县红石小学,0
四川喜马拉雅慈善基金会,0
深圳市好家庭实业有限公司,0
北京市丰台区瑞普华老年护理中心,0
广东省始兴县教育局,0
辽宁省残疾人福利基金会,0
复旦大学附属华山医院,0
新疆塔城市团委,0
成都爱视界文化传媒有限责任公司,0
北京豪顿室内装饰设计有限公司,0
内蒙古自治区慈善总会,0
上海闵行行政中心医院,0
山东英才学院教育发展基金会,0
昭通市民政局,0
小伙伴艺术团,0
钦州市学生资助管理中心,0
龙湖镇三英小学,0
广州市南外大药房有限公司,0
北京德赛知识产权代理有限公司,0
青海省玉树州困难职工帮扶基金会,0
哈佛大学艾什中心,0
北京力意丰科技有限公司,0
新华日报社,0
国际世界宣明会广西项目办公室,0
上海特殊关爱基金会,0
国人城乡（北京）科技发展中心,0
中国医学科学院阜外医院,0
宁夏神杞农林科技有限责任公司,0
广东省侨界仁爱基金会,0
安化县慈善总会,0
广东省志愿者事业发展基金会,0
北京市海淀区邮电局,0
北京和睦家医院有限公司,0
福建省绿行者环境保护公益中心,0
呼和浩特市老牛儿童探索博物馆,0
贵阳市第二人民医院,0
广东省华南师范大学教育发展基金会,0
西安佳佑电子科技有限公司,0
杭州市儿童福利院,0
杭州国美企业形象策划有限公司,0
北京同仁张晓楼眼科公益基金会,0
上海科技大学教育发展基金会,0
国药控股股份有限公司,0
珠海国泰运通文化传播有限公司,0
北京行象文化传媒有限公司,0
山东大学,0
出版社,0
深圳市天珺体育咨询有限公司,0
河北宣化林场,0
克东县慈善会,0
浙江省寅幸慈善基金会,0
中南林业科技大学,0
宝钢教育基金会,0
北京市农发扶贫基金会,0
财新传媒有限公司,0
云南连心社区照顾服务中心,0
合川区妇女联合会,0
南昌市汇仁教育基金会,0
河源市紫金县凤安镇政府,0
内蒙古蒙树景观工程建设有限公司,0
涟源市文建学校,0
北京华严吉祥云舍文化传播有限公司,0
上海中欧国际工商学院教育发展基金会,0
安秋子,0
河南省侨商联合会,0
四川省财政厅,0
四川青年志愿者协会,0
湖南省法律援助中心,0
北京意如广告有限公司,0
北京健康长城公益基金会,0
江西省残疾人福利基金会,0
天津市赫然广告传媒有限公司,0
读者出版传媒股份有限公司,0
古田县明智学校,0
安新县教育局,0
潼南区妇女联合会,0
北京光华公益创业发展中心,0
海南师范大学,0
友成企业家扶贫基金会,0
云南教育基金会,0
上海市浦东新区上钢社区卫生服务中心,0
北京大兴区蒲公英中学,0
谱伊姿（北京）建筑装饰工程有限公司,0
广东省丹姿慈善基金会,0
五烈镇残联,0
天柱县教育局,0
北京中视色彩印刷技术有限公司,0
北京今日美术馆,0
沈阳市职工爱心慈善基金会,0
正安县财政局,0
华南师范大学慈善组织市场化运营与监管研究中心,0
缅甸南坎华侨会,0
四川省宜宾市老龄工作委员会办公室,0
无锡市淘宝影视文化传播有限公司,0
玉龙县林业局,0
北京互联社会组织资源中心,0
内蒙古民萌北方生态研究基金会,0
长青有限公司北京瑞城四季酒店,0
江南大学,0
江门市新会区慈善会,0
北京市房山区妇女儿童活动中心,0
龙海市红十字会,0
神州数码(昆山)供应链投资有限公司,0
上海索益公益文化发展中心,0
湖南城步苗族自治县第一民族中学,0
联合国防治荒漠化公约组织秘书处,0
德宏州芒市勐稳小学,0
亿利东方学校,0
中南大学,0
磐晟商贸有限公司,0
广东省千禾社区公益基金会,0
中共炎陵县委办公室,0
北京四中校友促进教育基金会,0
北京德沫特尔环境科技有限公司,0
运城市教育局,0
吕锡琛,0
北京澳瑞特新永外体育用品有限公司,0
上海市老年报社,0
周口市慈善总会,0
四川省都江堰市顶新新建小学,0
郴州市苏仙区卫生和计划生育局,0
重庆求道广告有限公司,0
泰兴市民政局,0
卧龙大熊猫俱乐部,0
深圳市绿色基金会,0
长安区振鹏游乐玩具设备厂,0
温州医科大学附属眼视光医院,0
江西省妇女联合会,0
山西省妇女联合会,0
四川省儿童少年基金会,0
全椒县祥发服饰有限公司,0
吴江盛虹爱心基金会,0
国家教育行政学院,0
北京芳华社会工作服务发展中心,0
西藏自治区歌舞团,0
宁波市慈善总会,0
巴南区双河口镇,0
福州大学教育发展基金会,0
潘毅莲,0
成都集思青年公益发展中心,0
北海市普度寺,0
广东理工职业学院,0
杭州江干区慈善总会,0
广东狮子会,0
北京中航旅航空服务有限公司,0
青岛市天泰公益基金会,0
重庆市女子监狱,0
陕西纯山教育基金会,0
会宁一中,0
平安养老保险股份有限公司北京分公司,0
深圳市现代创新发展基金会,0
会泽县妇女联合会,0
龙门县永汉镇上埔村民委员会,0
郑州市第二人民医院,0
海原县财政局,0
北京视创天广告有限公司,0
北京正元嘉会教育文化有限责任公司,0
深圳市妇幼保健院,0
勉县妇女联合会,0
北京理工大学教育基金会,0
嘉兴市铭德教育基金会,0
中石化河南油建工程有限公司,0
华南农业大学,0
九藤教育基金会,0
中南大学教育基金会,0
克山县民政局,0
黔东南州林业局,0
中国人民解放军北京军区总医院,0
北京盛辉鹏业房地产经纪有限公司,0
新疆维吾尔族自治区妇女联合会,0
广西壮族自治区妇女联合会,0
文向前,0
中国残疾人康复协会,0
陈云,0
河北省妇女联合会,0
内蒙古师范大学教育发展基金会,0
中国建筑西南勘察设计研究院有限公司,0
鄂尔多斯市非税收入征收管理局,0
广元市惠泽林业专业合作社,0
凤凰县吉信学区中心完小,0
上海民建扶帮公益基金会,0
南京市民族乐团,0
晋江市农业局,0
罗甸县大亭乡中心校,0
浙江泰普森休闲用品有限公司,0
浙江省合唱协会,0
杭州微笑天使公益服务中心,0
武汉大学,0
复旦大学附属儿科医院,0
山水园林建设工程有限公司,0
陕西巾帼家庭教育网络信息服务中心,0
云南省高尔夫球协会,0
金秀县绿源种苗场,0
中央财经大学教育基金会,0
内蒙古云曙碧公益事业基金会,0
北京阳光未来艺术教育基金会,0
武汉广播电视台,0
汶川县教育局,0
中国少先队事业发展中心,0
北京中科青云实验学校,0
昆山育才学校,0
北京欧亚美艺术展览服务有限公司,0
吉林省腾达体育人才培训中心,0
政和县教育局,0
河南鸿翔一心堂药业有限公司郑州金水路店,0
中国人寿慈善基金会,0
山东省青年创业就业基金会,0
宁夏志愿者协会,0
青海省果洛州久治县哇尔依乡藏文寄宿制小学,0
